school	street	number
SL	SIMONELLI CT	*
EP	TWIN OAKS DR	*
BF	VACCARO RD	*
LES	VALERIE LANE	*
SL	VALLEY FORGE AVE	*
SL	VAN ARSDALE AVE	*
SL	VAN BUREN PLACE	*
EP	VANDERVEER DR	*
LES	VAN KIRK RD	*
SL	VERMONT ST	11
SL	VERMONT ST	12
SL	VERMONT ST	13
SL	VERMONT ST	14
SL	VERMONT ST	15
SL	VERMONT ST	16
SL	VERMONT ST	17
SL	VERMONT ST	18
SL	VERMONT ST	19
SL	VERMONT ST	20
SL	VERMONT ST	21
SL	VERMONT ST	22
SL	VERMONT ST	23
SL	VERMONT ST	24
SL	VERMONT ST	25
SL	VERMONT ST	26
SL	VERMONT ST	27
SL	VERMONT ST	28
SL	VERMONT ST	29
SL	VERMONT ST	30
SL	VERMONT ST	31
SL	VERMONT ST	32
SL	VERMONT ST	33
SL	VERMONT ST	34
SL	VERMONT ST	35
SL	VERMONT ST	36
SL	VERMONT ST	37
SL	VERMONT ST	38
SL	VERMONT ST	39
SL	VERMONT ST	40
SL	VERMONT ST	41
SL	VERMONT ST	42
SL	VERMONT ST	43
SL	VERMONT ST	44
SL	VERMONT ST	45
SL	VERMONT ST	46
SL	VERMONT ST	47
SL	VERMONT ST	48
SL	VERMONT ST	49
SL	VERMONT ST	50
SL	VERMONT ST	51
SL	VERMONT ST	52
SL	VERMONT ST	53
SL	VERMONT ST	54
SL	VERMONT ST	55
SL	VERMONT ST	56
SL	VERMONT ST	57
SL	VERMONT ST	58
SL	VERMONT ST	59
SL	VERMONT ST	60
SL	VERMONT ST	61
SL	VERMONT ST	62
SL	VERMONT ST	63
SL	VERMONT ST	64
SL	VERMONT ST	65
SL	VERMONT ST	66
SL	VERMONT ST	67
SL	VERMONT ST	68
SL	VERMONT ST	69
SL	VERMONT ST	70
SL	VERMONT ST	71
SL	VERMONT ST	72
SL	VERMONT ST	73
SL	VERMONT ST	74
SL	VERMONT ST	75
LES	VIBURNUM CT	*
LES	VILLAGE CT	*
SL	VILLANOVA DR	*
BF	VINCH AVE	*
LES	VISTA DR	*
SL	VOSCEK CT	*
EP	WAYSIDE LANE	*
BF	WELLSLEY CT	*
BF	WELLSLEY WAY	*
BF	WENCZEL DR	*
EP	WEST CHURCH RD	*
BF	WESTFIELD CT	*
LES	W LAUREL WOOD DR	*
EP	WEST LONG DR	*
BF	WEXFORD DR	*
SL	WHITEHEAD RD EXT	*
EP	WHITEMARSH DR	*
EP	WHITE PINE CR	*
LES	WILDBRIAR LANE	*
LES	WILK CT	*
LES	WILLOW RD	*
BF	WILTSHIRE DR	*
SL	WINCHESTER AVE	*
EP	WINDWOOD RD	*
SL	WINNIPEG LANE	*
BF	WINTHROP RD	*
SL	WITTENBORN DR	*
LES	WOODBURY LANE	*
LES	WOODFIELD LANE	*
LES	WOODLANE RD	*
BF	WOODMONT DR	*
LES	WOODS DRIVE EAST/ 	*
LES	WEST (LVLLE PREP)	*
SL	WOSNIAK CT	*
LES	YEGER DR	*
BF	YORKSHIRE VILLAGE RD	*
LES	YOUNGS RD (No Homes)	*
BF	ZOAR ST	40
BF	ZOAR ST	41
BF	ZOAR ST	42
BF	ZOAR ST	43
BF	ZOAR ST	44
BF	ZOAR ST	45
BF	ZOAR ST	46
BF	ZOAR ST	47
BF	ZOAR ST	48
BF	ZOAR ST	49
BF	ZOAR ST	50
BF	ZOAR ST	51
BF	ZOAR ST	52
BF	ZOAR ST	53
BF	ZOAR ST	54
BF	ZOAR ST	55
BF	ZOAR ST	56
BF	ZOAR ST	57
BF	ZOAR ST	58
BF	ZOAR ST	59
BF	ZOAR ST	60
BF	ZOAR ST	61
BF	ZOAR ST	62
BF	ZOAR ST	63
BF	ZOAR ST	64
BF	ZOAR ST	65
BF	ZOAR ST	66
BF	ZOAR ST	67
BF	ZOAR ST	68
BF	ZOAR ST	69
BF	ZOAR ST	70
BF	ZOAR ST	71
BF	ZOAR ST	72
BF	ZOAR ST	73
BF	ZOAR ST	74
BF	ZOAR ST	75
BF	ZOAR ST	76
BF	ZOAR ST	77
BF	ZOAR ST	78
BF	ZOAR ST	79
BF	ZOAR ST	80
BF	ZOAR ST	81
BF	ZOAR ST	82
BF	ZOAR ST	83
BF	ZOAR ST	84
BF	ZOAR ST	85
BF	ZOAR ST	86
BF	ZOAR ST	87
BF	ZOAR ST	88
BF	ZOAR ST	89
BF	ZOAR ST	90
BF	ZOAR ST	91
BF	ZOAR ST	92
BF	ZOAR ST	93
BF	ZOAR ST	94
BF	ZOAR ST	95
BF	ZOAR ST	96
BF	ZOAR ST	97
BF	ZOAR ST	98
BF	ZOAR ST	99
BF	ZOAR ST	100
BF	ZOAR ST	101
BF	ZOAR ST	102
BF	ZOAR ST	103
BF	ZOAR ST	104
BF	ZOAR ST	105
BF	ZOAR ST	106
BF	ZOAR ST	107
BF	ZOAR ST	108
BF	ZOAR ST	109
BF	ZOAR ST	110
BF	ZOAR ST	111
BF	ZOAR ST	112
BF	ZOAR ST	113
BF	ZOAR ST	114
BF	ZOAR ST	115
BF	ZOAR ST	116
BF	ZOAR ST	117
BF	ZOAR ST	118
BF	ZOAR ST	119
BF	ZOAR ST	120
BF	ZOAR ST	121
BF	ZOAR ST	122
BF	ZOAR ST	123
BF	ZOAR ST	124
BF	ZOAR ST	125
BF	ZOAR ST	126
BF	ZOAR ST	127
BF	ZOAR ST	128
BF	ZOAR ST	129
BF	ZOAR ST	130
BF	ZOAR ST	131
BF	ZOAR ST	132
BF	ZOAR ST	133
BF	ZOAR ST	134
BF	ZOAR ST	135
BF	ZOAR ST	136
BF	ZOAR ST	137
BF	ZOAR ST	138
BF	ZOAR ST	139
BF	ZOAR ST	140
BF	ZOAR ST	141
BF	ZOAR ST	142
BF	ZOAR ST	143
BF	ZOAR ST	144
BF	ZOAR ST	145
BF	ZOAR ST	146
BF	ZOAR ST	147
BF	ZOAR ST	148
BF	ZOAR ST	149
BF	ZOAR ST	150
BF	ZOAR ST	151
BF	ZOAR ST	152
BF	ZOAR ST	153
BF	ZOAR ST	154
BF	ZOAR ST	155
BF	ZOAR ST	156
BF	ZOAR ST	157
BF	ZOAR ST	158
BF	ZOAR ST	159
BF	ZOAR ST	160
BF	ZOAR ST	161
BF	ZOAR ST	162
BF	ZOAR ST	163
BF	ZOAR ST	164
BF	ZOAR ST	165
BF	ZOAR ST	166
BF	ZOAR ST	167
BF	ZOAR ST	168
BF	ZOAR ST	169
BF	ZOAR ST	170
BF	ZOAR ST	171
BF	ZOAR ST	172
BF	ZOAR ST	173
BF	ZOAR ST	174
BF	ZOAR ST	175
BF	ZOAR ST	176
BF	ZOAR ST	177
BF	ZOAR ST	178
BF	ZOAR ST	179
BF	ZOAR ST	180
BF	ZOAR ST	181
BF	ZOAR ST	182
BF	ZOAR ST	183
BF	ZOAR ST	184
BF	ZOAR ST	185
BF	ZOAR ST	186
BF	ZOAR ST	187
BF	ZOAR ST	188
BF	ZOAR ST	189
BF	ZOAR ST	190
BF	ZOAR ST	191
BF	ZOAR ST	192
BF	ZOAR ST	193
BF	ZOAR ST	194
BF	ZOAR ST	195
BF	ZOAR ST	196
BF	ZOAR ST	197
BF	ZOAR ST	198
BF	ZOAR ST	199
BF	ZOAR ST	200
BF	ZOAR ST	201
BF	ZOAR ST	202
BF	ZOAR ST	203
BF	ZOAR ST	204
BF	ZOAR ST	205
BF	ZOAR ST	206
BF	ZOAR ST	207
BF	ZOAR ST	208
BF	ZOAR ST	209
BF	ZOAR ST	210
BF	ZOAR ST	211
BF	ZOAR ST	212
BF	ZOAR ST	213
BF	ZOAR ST	214
BF	ZOAR ST	215
BF	ZOAR ST	216
BF	ZOAR ST	217
BF	ZOAR ST	218
BF	ZOAR ST	219
BF	ZOAR ST	220
BF	ZOAR ST	221
BF	ZOAR ST	222
BF	ZOAR ST	223
BF	ZOAR ST	224
BF	ZOAR ST	225
BF	ZOAR ST	226
BF	ZOAR ST	227
BF	ZOAR ST	228
BF	ZOAR ST	229
BF	ZOAR ST	230
BF	ZOAR ST	231
BF	ZOAR ST	232
BF	ZOAR ST	233
BF	ZOAR ST	234
BF	ZOAR ST	235
BF	ZOAR ST	236
BF	ZOAR ST	237
BF	ZOAR ST	238
BF	ZOAR ST	239
BF	ZOAR ST	240
BF	ZOAR ST	241
BF	ZOAR ST	242
BF	ZOAR ST	243
BF	ZOAR ST	244
BF	ZOAR ST	245
BF	ZOAR ST	246
BF	ZOAR ST	247
BF	ZOAR ST	248
BF	ZOAR ST	249
BF	ZOAR ST	250
BF	ZOAR ST	251
BF	ZOAR ST	252
BF	ZOAR ST	253
BF	ZOAR ST	254
BF	ZOAR ST	255
BF	ZOAR ST	256
BF	ZOAR ST	257
BF	ZOAR ST	258
BF	ZOAR ST	259
BF	ZOAR ST	260
BF	ZOAR ST	261
BF	ZOAR ST	262
BF	ZOAR ST	263
BF	ZOAR ST	264
BF	ZOAR ST	265
BF	ZOAR ST	266
BF	ZOAR ST	267
BF	ZOAR ST	268
BF	ZOAR ST	269
BF	ZOAR ST	270
BF	ZOAR ST	271
BF	ZOAR ST	272
BF	ZOAR ST	273
BF	ZOAR ST	274
BF	ZOAR ST	275
BF	ZOAR ST	276
BF	ZOAR ST	277
BF	ZOAR ST	278
BF	ZOAR ST	279
BF	ZOAR ST	280
BF	ZOAR ST	281
BF	ZOAR ST	282
BF	ZOAR ST	283
BF	ZOAR ST	284
BF	ZOAR ST	285
BF	ZOAR ST	286
BF	ZOAR ST	287
BF	ZOAR ST	288
BF	ZOAR ST	289
BF	ZOAR ST	290
BF	ZOAR ST	291
BF	ZOAR ST	292
BF	ZOAR ST	293
BF	ZOAR ST	294
BF	ZOAR ST	295
BF	ZOAR ST	296
BF	ZOAR ST	297
BF	ZOAR ST	298
BF	ZOAR ST	299
BF	ZOAR ST	300
BF	ZOAR ST	301
BF	ZOAR ST	302
BF	ZOAR ST	303
BF	ZOAR ST	304
BF	ZOAR ST	305
BF	ZOAR ST	306
BF	ZOAR ST	307
BF	ZOAR ST	308
BF	ZOAR ST	309
BF	ZOAR ST	310
BF	ZOAR ST	311
BF	ZOAR ST	312
BF	ZOAR ST	313
BF	ZOAR ST	314
BF	ZOAR ST	315
BF	ZOAR ST	316
BF	ZOAR ST	317
BF	ZOAR ST	318
BF	ZOAR ST	319
BF	ZOAR ST	320
BF	ZOAR ST	321
BF	ZOAR ST	322
BF	ZOAR ST	323
BF	ZOAR ST	324
BF	ZOAR ST	325
BF	ZOAR ST	326
BF	ZOAR ST	327
BF	ZOAR ST	328
BF	ZOAR ST	329
BF	ZOAR ST	330
BF	ZOAR ST	331
BF	ZOAR ST	332
BF	ZOAR ST	333
BF	ZOAR ST	334
BF	ZOAR ST	335
BF	ZOAR ST	336
BF	ZOAR ST	337
BF	ZOAR ST	338
BF	ZOAR ST	339
BF	ZOAR ST	340
BF	ZOAR ST	341
BF	ZOAR ST	342
BF	ZOAR ST	343
BF	ZOAR ST	344
BF	ZOAR ST	345
BF	ZOAR ST	346
BF	ZOAR ST	347
BF	ZOAR ST	348
BF	ZOAR ST	349
BF	ZOAR ST	350
BF	ZOAR ST	351
BF	ZOAR ST	352
BF	ZOAR ST	353
BF	ZOAR ST	354
BF	ZOAR ST	355
BF	ZOAR ST	356
BF	ZOAR ST	357
BF	ZOAR ST	358
BF	ZOAR ST	359
BF	ZOAR ST	360
BF	ZOAR ST	361
BF	ZOAR ST	362
BF	ZOAR ST	363
BF	ZOAR ST	364
BF	ZOAR ST	365
BF	ZOAR ST	366
BF	ZOAR ST	367
BF	ZOAR ST	368
BF	ZOAR ST	369
BF	ZOAR ST	370
BF	ZOAR ST	371
BF	ZOAR ST	372
BF	ZOAR ST	373
BF	ZOAR ST	374
BF	ZOAR ST	375
BF	ZOAR ST	376
BF	ZOAR ST	377
BF	ZOAR ST	378
BF	ZOAR ST	379
BF	ZOAR ST	380
BF	ZOAR ST	381
BF	ZOAR ST	382
BF	ZOAR ST	383
BF	ZOAR ST	384
BF	ZOAR ST	385
BF	ZOAR ST	386
BF	ZOAR ST	387
BF	ZOAR ST	388
BF	ZOAR ST	389
BF	ZOAR ST	390
BF	ZOAR ST	391
BF	ZOAR ST	392
BF	ZOAR ST	393
BF	ZOAR ST	394
BF	ZOAR ST	395
BF	ZOAR ST	396
BF	ZOAR ST	397
BF	ZOAR ST	398
BF	ZOAR ST	399
BF	ZOAR ST	400
BF	ZOAR ST	401
BF	ZOAR ST	402
BF	ZOAR ST	403
BF	ZOAR ST	404
BF	ZOAR ST	405
BF	ZOAR ST	406
BF	ZOAR ST	407
BF	ZOAR ST	408
BF	ZOAR ST	409
BF	ZOAR ST	410
BF	ZOAR ST	411
BF	ZOAR ST	412
BF	ZOAR ST	413
BF	ZOAR ST	414
BF	ZOAR ST	415
BF	ZOAR ST	416
BF	ZOAR ST	417
BF	ZOAR ST	418
BF	ZOAR ST	419
BF	ZOAR ST	420
BF	ZOAR ST	421
BF	ZOAR ST	422
BF	ZOAR ST	423
BF	ZOAR ST	424
BF	ZOAR ST	425
BF	ZOAR ST	426
BF	ZOAR ST	427
BF	ZOAR ST	428
BF	ZOAR ST	429
BF	ZOAR ST	430
BF	ZOAR ST	431
BF	ZOAR ST	432
BF	ZOAR ST	433
BF	ZOAR ST	434
BF	ZOAR ST	435
BF	ZOAR ST	436
BF	ZOAR ST	437
BF	ZOAR ST	438
BF	ZOAR ST	439
BF	ZOAR ST	440
BF	ZOAR ST	441
BF	ZOAR ST	442
BF	ZOAR ST	443
BF	ZOAR ST	444
BF	ZOAR ST	445
BF	ZOAR ST	446
BF	ZOAR ST	447
BF	ZOAR ST	448
BF	ZOAR ST	449
BF	ZOAR ST	450
BF	ZOAR ST	451
BF	ZOAR ST	452
BF	ZOAR ST	453
BF	ZOAR ST	454
BF	ZOAR ST	455
BF	ZOAR ST	456
BF	ZOAR ST	457
BF	ZOAR ST	458
BF	ZOAR ST	459
BF	ZOAR ST	460
BF	ZOAR ST	461
BF	ZOAR ST	462
BF	ZOAR ST	463
BF	ZOAR ST	464
BF	ZOAR ST	465
BF	ZOAR ST	466
BF	ZOAR ST	467
BF	ZOAR ST	468
BF	ZOAR ST	469
BF	ZOAR ST	470
BF	ZOAR ST	471
BF	ZOAR ST	472
BF	ZOAR ST	473
BF	ZOAR ST	474
BF	ZOAR ST	475
BF	ZOAR ST	476
BF	ZOAR ST	477
BF	ZOAR ST	478
BF	ZOAR ST	479
BF	ZOAR ST	480
BF	ZOAR ST	481
BF	ZOAR ST	482
BF	ZOAR ST	483
BF	ZOAR ST	484
BF	ZOAR ST	485
BF	ZOAR ST	486
BF	ZOAR ST	487
BF	ZOAR ST	488
BF	ZOAR ST	489
BF	ZOAR ST	490
BF	ZOAR ST	491
BF	ZOAR ST	492
BF	ZOAR ST	493
BF	ZOAR ST	494
BF	ZOAR ST	495
BF	ZOAR ST	496
BF	ZOAR ST	497
BF	ZOAR ST	498
BF	ZOAR ST	499
BF	ZOAR ST	500
BF	ZOAR ST	501
BF	ZOAR ST	502
BF	ZOAR ST	503
BF	ZOAR ST	504
BF	ZOAR ST	505
BF	ZOAR ST	506
BF	ZOAR ST	507
BF	ZOAR ST	508
BF	ZOAR ST	509
BF	ZOAR ST	510
BF	ZOAR ST	511
BF	ZOAR ST	512
BF	ZOAR ST	513
BF	ZOAR ST	514
BF	ZOAR ST	515
BF	ZOAR ST	516
BF	ZOAR ST	517
BF	ZOAR ST	518
BF	ZOAR ST	519
BF	ZOAR ST	520
BF	ZOAR ST	521
BF	ZOAR ST	522
BF	ZOAR ST	523
BF	ZOAR ST	524
BF	ZOAR ST	525
BF	ZOAR ST	526
BF	ZOAR ST	527
BF	ZOAR ST	528
BF	ZOAR ST	529
BF	ZOAR ST	530
BF	ZOAR ST	531
BF	ZOAR ST	532
BF	ZOAR ST	533
BF	ZOAR ST	534
BF	ZOAR ST	535
BF	ZOAR ST	536
BF	ZOAR ST	537
BF	ZOAR ST	538
BF	ZOAR ST	539
BF	ZOAR ST	540
BF	ZOAR ST	541
BF	ZOAR ST	542
BF	ZOAR ST	543
BF	ZOAR ST	544
BF	ZOAR ST	545
BF	ZOAR ST	546
BF	ZOAR ST	547
BF	ZOAR ST	548
BF	ZOAR ST	549
BF	ZOAR ST	550
BF	ZOAR ST	551
BF	ZOAR ST	552
BF	ZOAR ST	553
BF	ZOAR ST	554
BF	ZOAR ST	555
BF	ZOAR ST	556
BF	ZOAR ST	557
BF	ZOAR ST	558
BF	ZOAR ST	559
BF	ZOAR ST	560
BF	ZOAR ST	561
BF	ZOAR ST	562
BF	ZOAR ST	563
BF	ZOAR ST	564
BF	ZOAR ST	565
BF	ZOAR ST	566
BF	ZOAR ST	567
BF	ZOAR ST	568
BF	ZOAR ST	569
BF	ZOAR ST	570
BF	ZOAR ST	571
BF	ZOAR ST	572
BF	ZOAR ST	573
BF	ZOAR ST	574
BF	ZOAR ST	575
BF	ZOAR ST	576
BF	ZOAR ST	577
BF	ZOAR ST	578
BF	ZOAR ST	579
BF	ZOAR ST	580
BF	ZOAR ST	581
BF	ZOAR ST	582
BF	ZOAR ST	583
BF	ZOAR ST	584
BF	ZOAR ST	585
BF	ZOAR ST	586
BF	ZOAR ST	587
BF	ZOAR ST	588
BF	ZOAR ST	589
BF	ZOAR ST	590
BF	ZOAR ST	591
BF	ZOAR ST	592
BF	ZOAR ST	593
BF	ZOAR ST	594
BF	ZOAR ST	595
BF	ZOAR ST	596
BF	ZOAR ST	597
BF	ZOAR ST	598
BF	ZOAR ST	599
BF	ZOAR ST	600
BF	ZOAR ST	601
BF	ZOAR ST	602
BF	ZOAR ST	603
BF	ZOAR ST	604
BF	ZOAR ST	605
BF	ZOAR ST	606
BF	ZOAR ST	607
BF	ZOAR ST	608
BF	ZOAR ST	609
BF	ZOAR ST	610
BF	ZOAR ST	611
BF	ZOAR ST	612
BF	ZOAR ST	613
BF	ZOAR ST	614
BF	ZOAR ST	615
BF	ZOAR ST	616
BF	ZOAR ST	617
BF	ZOAR ST	618
BF	ZOAR ST	619
BF	ZOAR ST	620
BF	ZOAR ST	621
BF	ZOAR ST	622
BF	ZOAR ST	623
BF	ZOAR ST	624
BF	ZOAR ST	625
BF	ZOAR ST	626
BF	ZOAR ST	627
BF	ZOAR ST	628
BF	ZOAR ST	629
BF	ZOAR ST	630
BF	ZOAR ST	631
BF	ZOAR ST	632
BF	ZOAR ST	633
BF	ZOAR ST	634
BF	ZOAR ST	635
BF	ZOAR ST	636
BF	ZOAR ST	637
BF	ZOAR ST	638
BF	ZOAR ST	639
BF	ZOAR ST	640
BF	ZOAR ST	641
BF	ZOAR ST	642
BF	ZOAR ST	643
BF	ZOAR ST	644
BF	ZOAR ST	645
BF	ZOAR ST	646
BF	ZOAR ST	647
BF	ZOAR ST	648
BF	ZOAR ST	649
BF	ZOAR ST	650
BF	ZOAR ST	651
BF	ZOAR ST	652
BF	ZOAR ST	653
BF	ZOAR ST	654
BF	ZOAR ST	655
BF	ZOAR ST	656
BF	ZOAR ST	657
BF	ZOAR ST	658
BF	ZOAR ST	659
BF	ZOAR ST	660
BF	ZOAR ST	661
BF	ZOAR ST	662
BF	ZOAR ST	663
BF	ZOAR ST	664
BF	ZOAR ST	665
BF	ZOAR ST	666
BF	ZOAR ST	667
BF	ZOAR ST	668
BF	ZOAR ST	669
BF	ZOAR ST	670
BF	ZOAR ST	671
BF	ZOAR ST	672
BF	ZOAR ST	673
BF	ZOAR ST	674
BF	ZOAR ST	675
BF	ZOAR ST	676
BF	ZOAR ST	677
BF	ZOAR ST	678
BF	ZOAR ST	679
BF	ZOAR ST	680
BF	ZOAR ST	681
BF	ZOAR ST	682
BF	ZOAR ST	683
BF	ZOAR ST	684
BF	ZOAR ST	685
BF	ZOAR ST	686
BF	ZOAR ST	687
BF	ZOAR ST	688
BF	ZOAR ST	689
BF	ZOAR ST	690
BF	ZOAR ST	691
BF	ZOAR ST	692
BF	ZOAR ST	693
BF	ZOAR ST	694
BF	ZOAR ST	695
BF	ZOAR ST	696
BF	ZOAR ST	697
BF	ZOAR ST	698
BF	ZOAR ST	699
BF	ZOAR ST	700
BF	ZOAR ST	701
BF	ZOAR ST	702
BF	ZOAR ST	703
BF	ZOAR ST	704
BF	ZOAR ST	705
BF	ZOAR ST	706
BF	ZOAR ST	707
BF	ZOAR ST	708
BF	ZOAR ST	709
BF	ZOAR ST	710
BF	ZOAR ST	711
BF	ZOAR ST	712
BF	ZOAR ST	713
BF	ZOAR ST	714
BF	ZOAR ST	715
BF	ZOAR ST	716
BF	ZOAR ST	717
BF	ZOAR ST	718
BF	ZOAR ST	719
BF	ZOAR ST	720
BF	ZOAR ST	721
BF	ZOAR ST	722
BF	ZOAR ST	723
BF	ZOAR ST	724
BF	ZOAR ST	725
BF	ZOAR ST	726
BF	ZOAR ST	727
BF	ZOAR ST	728
BF	ZOAR ST	729
BF	ZOAR ST	730
BF	ZOAR ST	731
BF	ZOAR ST	732
BF	ZOAR ST	733
BF	ZOAR ST	734
BF	ZOAR ST	735
BF	ZOAR ST	736
BF	ZOAR ST	737
BF	ZOAR ST	738
BF	ZOAR ST	739
BF	ZOAR ST	740
BF	ZOAR ST	741
BF	ZOAR ST	742
BF	ZOAR ST	743
BF	ZOAR ST	744
BF	ZOAR ST	745
BF	ZOAR ST	746
BF	ZOAR ST	747
BF	ZOAR ST	748
BF	ZOAR ST	749
BF	ZOAR ST	750
BF	ZOAR ST	751
BF	ZOAR ST	752
BF	ZOAR ST	753
BF	ZOAR ST	754
BF	ZOAR ST	755
BF	ZOAR ST	756
BF	ZOAR ST	757
BF	ZOAR ST	758
BF	ZOAR ST	759
BF	ZOAR ST	760
BF	ZOAR ST	761
BF	ZOAR ST	762
BF	ZOAR ST	763
BF	ZOAR ST	764
BF	ZOAR ST	765
BF	ZOAR ST	766
BF	ZOAR ST	767
BF	ZOAR ST	768
BF	ZOAR ST	769
BF	ZOAR ST	770
BF	ZOAR ST	771
BF	ZOAR ST	772
BF	ZOAR ST	773
BF	ZOAR ST	774
BF	ZOAR ST	775
BF	ZOAR ST	776
BF	ZOAR ST	777
BF	ZOAR ST	778
BF	ZOAR ST	779
BF	ZOAR ST	780
BF	ZOAR ST	781
BF	ZOAR ST	782
BF	ZOAR ST	783
BF	ZOAR ST	784
BF	ZOAR ST	785
BF	ZOAR ST	786
BF	ZOAR ST	787
BF	ZOAR ST	788
BF	ZOAR ST	789
BF	ZOAR ST	790
BF	ZOAR ST	791
BF	ZOAR ST	792
BF	ZOAR ST	793
BF	ZOAR ST	794
BF	ZOAR ST	795
BF	ZOAR ST	796
BF	ZOAR ST	797
BF	ZOAR ST	798
BF	ZOAR ST	799
BF	ZOAR ST	800
BF	ZOAR ST	801
BF	ZOAR ST	802
BF	ZOAR ST	803
BF	ZOAR ST	804
BF	ZOAR ST	805
BF	ZOAR ST	806
BF	ZOAR ST	807
BF	ZOAR ST	808
BF	ZOAR ST	809
BF	ZOAR ST	810
BF	ZOAR ST	811
BF	ZOAR ST	812
BF	ZOAR ST	813
BF	ZOAR ST	814
BF	ZOAR ST	815
BF	ZOAR ST	816
BF	ZOAR ST	817
BF	ZOAR ST	818
BF	ZOAR ST	819
BF	ZOAR ST	820
BF	ZOAR ST	821
BF	ZOAR ST	822
BF	ZOAR ST	823
BF	ZOAR ST	824
BF	ZOAR ST	825
BF	ZOAR ST	826
BF	ZOAR ST	827
BF	ZOAR ST	828
BF	ZOAR ST	829
BF	ZOAR ST	830
BF	ZOAR ST	831
BF	ZOAR ST	832
BF	ZOAR ST	833
BF	ZOAR ST	834
BF	ZOAR ST	835
BF	ZOAR ST	836
BF	ZOAR ST	837
BF	ZOAR ST	838
BF	ZOAR ST	839
BF	ZOAR ST	840
BF	ZOAR ST	841
BF	ZOAR ST	842
BF	ZOAR ST	843
BF	ZOAR ST	844
BF	ZOAR ST	845
BF	ZOAR ST	846
BF	ZOAR ST	847
BF	ZOAR ST	848
BF	ZOAR ST	849
BF	ZOAR ST	850
BF	ZOAR ST	851
BF	ZOAR ST	852
BF	ZOAR ST	853
BF	ZOAR ST	854
BF	ZOAR ST	855
BF	ZOAR ST	856
BF	ZOAR ST	857
BF	ZOAR ST	858
BF	ZOAR ST	859
BF	ZOAR ST	860
BF	ZOAR ST	861
BF	ZOAR ST	862
BF	ZOAR ST	863
BF	ZOAR ST	864
BF	ZOAR ST	865
BF	ZOAR ST	866
BF	ZOAR ST	867
BF	ZOAR ST	868
BF	ZOAR ST	869
BF	ZOAR ST	870
BF	ZOAR ST	871
BF	ZOAR ST	872
BF	ZOAR ST	873
BF	ZOAR ST	874
BF	ZOAR ST	875
BF	ZOAR ST	876
BF	ZOAR ST	877
BF	ZOAR ST	878
BF	ZOAR ST	879
BF	ZOAR ST	880
BF	ZOAR ST	881
BF	ZOAR ST	882
BF	ZOAR ST	883
BF	ZOAR ST	884
BF	ZOAR ST	885
BF	ZOAR ST	886
BF	ZOAR ST	887
BF	ZOAR ST	888
BF	ZOAR ST	889
BF	ZOAR ST	890
BF	ZOAR ST	891
BF	ZOAR ST	892
BF	ZOAR ST	893
BF	ZOAR ST	894
BF	ZOAR ST	895
BF	ZOAR ST	896
BF	ZOAR ST	897
BF	ZOAR ST	898
BF	ZOAR ST	899
BF	ZOAR ST	900
BF	ZOAR ST	901
BF	ZOAR ST	902
BF	ZOAR ST	903
BF	ZOAR ST	904
BF	ZOAR ST	905
BF	ZOAR ST	906
BF	ZOAR ST	907
BF	ZOAR ST	908
BF	ZOAR ST	909
BF	ZOAR ST	910
BF	ZOAR ST	911
BF	ZOAR ST	912
BF	ZOAR ST	913
BF	ZOAR ST	914
BF	ZOAR ST	915
BF	ZOAR ST	916
BF	ZOAR ST	917
BF	ZOAR ST	918
BF	ZOAR ST	919
BF	ZOAR ST	920
BF	ZOAR ST	921
BF	ZOAR ST	922
BF	ZOAR ST	923
BF	ZOAR ST	924
BF	ZOAR ST	925
BF	ZOAR ST	926
BF	ZOAR ST	927
BF	ZOAR ST	928
BF	ZOAR ST	929
BF	ZOAR ST	930
BF	ZOAR ST	931
BF	ZOAR ST	932
BF	ZOAR ST	933
BF	ZOAR ST	934
BF	ZOAR ST	935
BF	ZOAR ST	936
BF	ZOAR ST	937
BF	ZOAR ST	938
BF	ZOAR ST	939
BF	ZOAR ST	940
BF	ZOAR ST	941
BF	ZOAR ST	942
BF	ZOAR ST	943
BF	ZOAR ST	944
BF	ZOAR ST	945
BF	ZOAR ST	946
BF	ZOAR ST	947
BF	ZOAR ST	948
BF	ZOAR ST	949
BF	ZOAR ST	950
BF	ZOAR ST	951
BF	ZOAR ST	952
BF	ZOAR ST	953
BF	ZOAR ST	954
BF	ZOAR ST	955
BF	ZOAR ST	956
BF	ZOAR ST	957
BF	ZOAR ST	958
BF	ZOAR ST	959
BF	ZOAR ST	960
BF	ZOAR ST	961
BF	ZOAR ST	962
BF	ZOAR ST	963
BF	ZOAR ST	964
BF	ZOAR ST	965
BF	ZOAR ST	966
BF	ZOAR ST	967
BF	ZOAR ST	968
BF	ZOAR ST	969
BF	ZOAR ST	970
BF	ZOAR ST	971
BF	ZOAR ST	972
BF	ZOAR ST	973
BF	ZOAR ST	974
BF	ZOAR ST	975
BF	ZOAR ST	976
BF	ZOAR ST	977
BF	ZOAR ST	978
BF	ZOAR ST	979
BF	ZOAR ST	980
BF	ZOAR ST	981
BF	ZOAR ST	982
BF	ZOAR ST	983
BF	ZOAR ST	984
BF	ZOAR ST	985
BF	ZOAR ST	986
BF	ZOAR ST	987
BF	ZOAR ST	988
BF	ZOAR ST	989
BF	ZOAR ST	990
BF	ZOAR ST	991
BF	ZOAR ST	992
BF	ZOAR ST	993
BF	ZOAR ST	994
BF	ZOAR ST	995
BF	ZOAR ST	996
BF	ZOAR ST	997
BF	ZOAR ST	998
BF	ZOAR ST	999
EP	ZOAR ST	0
EP	ZOAR ST	1
EP	ZOAR ST	2
EP	ZOAR ST	3
EP	ZOAR ST	4
EP	ZOAR ST	5
EP	ZOAR ST	6
EP	ZOAR ST	7
EP	ZOAR ST	8
EP	ZOAR ST	9
EP	ZOAR ST	10
EP	ZOAR ST	11
EP	ZOAR ST	12
EP	ZOAR ST	13
EP	ZOAR ST	14
EP	ZOAR ST	15
EP	ZOAR ST	16
EP	ZOAR ST	17
EP	ZOAR ST	18
EP	ZOAR ST	19
EP	ZOAR ST	20
EP	ZOAR ST	21
EP	ZOAR ST	22
EP	ZOAR ST	23
EP	ZOAR ST	24
EP	ZOAR ST	25
EP	ZOAR ST	26
EP	ZOAR ST	27
EP	ZOAR ST	28
EP	ZOAR ST	29
EP	ZOAR ST	30
EP	ZOAR ST	31
EP	ZOAR ST	32
EP	ZOAR ST	33
EP	ZOAR ST	34
EP	ZOAR ST	35
EP	ZOAR ST	36
EP	ZOAR ST	37
EP	ZOAR ST	38
EP	ZOAR ST	39
EP	ZOAR ST	40
SL	QUAKERBRIDGE RD	4018
SL	QUAKERBRIDGE RD	4020
SL	QUAKERBRIDGE RD	4022
SL	QUAKERBRIDGE RD	4024
SL	QUAKERBRIDGE RD	4026
SL	QUAKERBRIDGE RD	4028
SL	QUAKERBRIDGE RD	4030
SL	QUAKERBRIDGE RD	4032
SL	QUAKERBRIDGE RD	4034
SL	QUAKERBRIDGE RD	4036
SL	QUAKERBRIDGE RD	4038
SL	QUAKERBRIDGE RD	4040
SL	QUAKERBRIDGE RD	4042
SL	QUAKERBRIDGE RD	4044
SL	QUAKERBRIDGE RD	4046
SL	QUAKERBRIDGE RD	4048
SL	QUAKERBRIDGE RD	4050
SL	QUAKERBRIDGE RD	4052
SL	QUAKERBRIDGE RD	4054
SL	QUAKERBRIDGE RD	4056
SL	QUAKERBRIDGE RD	4058
SL	QUAKERBRIDGE RD	4060
SL	QUAKERBRIDGE RD	4062
SL	QUAKERBRIDGE RD	4064
SL	QUAKERBRIDGE RD	4066
SL	QUAKERBRIDGE RD	4068
SL	QUAKERBRIDGE RD	4070
SL	QUAKERBRIDGE RD	4072
SL	QUAKERBRIDGE RD	4074
SL	QUAKERBRIDGE RD	4076
SL	QUAKERBRIDGE RD	4078
SL	QUAKERBRIDGE RD	4080
SL	QUAKERBRIDGE RD	4082
SL	QUAKERBRIDGE RD	4084
SL	QUAKERBRIDGE RD	4086
SL	QUAKERBRIDGE RD	4088
SL	QUAKERBRIDGE RD	4090
SL	QUAKERBRIDGE RD	4092
SL	QUAKERBRIDGE RD	4094
SL	QUAKERBRIDGE RD	4096
SL	QUAKERBRIDGE RD	4098
SL	QUAKERBRIDGE RD	4100
SL	QUAKERBRIDGE RD	4102
SL	QUAKERBRIDGE RD	4104
SL	QUAKERBRIDGE RD	4106
SL	QUAKERBRIDGE RD	4108
SL	QUAKERBRIDGE RD	4110
SL	QUAKERBRIDGE RD	4112
SL	QUAKERBRIDGE RD	4114
SL	QUAKERBRIDGE RD	4116
SL	QUAKERBRIDGE RD	4118
SL	QUAKERBRIDGE RD	4120
SL	QUAKERBRIDGE RD	4122
SL	QUAKERBRIDGE RD	4124
SL	QUAKERBRIDGE RD	4126
SL	QUAKERBRIDGE RD	4128
SL	QUAKERBRIDGE RD	4130
SL	QUAKERBRIDGE RD	4132
SL	QUAKERBRIDGE RD	4134
SL	QUAKERBRIDGE RD	4136
SL	QUAKERBRIDGE RD	4138
SL	QUAKERBRIDGE RD	4140
SL	QUAKERBRIDGE RD	4142
SL	QUAKERBRIDGE RD	4144
SL	QUAKERBRIDGE RD	4146
SL	QUAKERBRIDGE RD	4148
SL	QUAKERBRIDGE RD	4150
SL	QUAKERBRIDGE RD	4152
SL	QUAKERBRIDGE RD	4154
SL	QUAKERBRIDGE RD	4156
SL	QUAKERBRIDGE RD	4158
SL	QUAKERBRIDGE RD	4160
SL	QUAKERBRIDGE RD	4162
SL	QUAKERBRIDGE RD	4164
SL	QUAKERBRIDGE RD	4166
SL	QUAKERBRIDGE RD	4168
SL	QUAKERBRIDGE RD	4170
SL	QUAKERBRIDGE RD	4172
SL	QUAKERBRIDGE RD	4174
SL	QUAKERBRIDGE RD	4176
SL	QUAKERBRIDGE RD	4178
SL	QUAKERBRIDGE RD	4180
SL	QUAKERBRIDGE RD	4182
SL	QUAKERBRIDGE RD	4184
SL	QUAKERBRIDGE RD	4186
SL	QUAKERBRIDGE RD	4188
SL	QUAKERBRIDGE RD	4190
SL	QUAKERBRIDGE RD	4192
SL	QUAKERBRIDGE RD	4194
SL	QUAKERBRIDGE RD	4196
SL	QUAKERBRIDGE RD	4198
SL	QUAKERBRIDGE RD	4200
SL	QUAKERBRIDGE RD	4202
SL	QUAKERBRIDGE RD	4204
SL	QUAKERBRIDGE RD	4206
SL	QUAKERBRIDGE RD	4208
SL	QUAKERBRIDGE RD	4210
SL	QUAKERBRIDGE RD	4212
SL	QUAKERBRIDGE RD	4214
SL	QUAKERBRIDGE RD	4216
SL	QUAKERBRIDGE RD	4218
SL	QUAKERBRIDGE RD	4220
SL	QUAKERBRIDGE RD	4222
SL	QUAKERBRIDGE RD	4224
SL	QUAKERBRIDGE RD	4226
SL	QUAKERBRIDGE RD	4228
SL	QUAKERBRIDGE RD	4230
SL	QUAKERBRIDGE RD	4232
SL	QUAKERBRIDGE RD	4234
SL	QUAKERBRIDGE RD	4236
SL	QUAKERBRIDGE RD	4238
SL	QUAKERBRIDGE RD	4240
SL	QUAKERBRIDGE RD	4242
SL	QUAKERBRIDGE RD	4244
SL	QUAKERBRIDGE RD	4246
SL	QUAKERBRIDGE RD	4248
SL	QUAKERBRIDGE RD	4250
SL	QUAKERBRIDGE RD	4252
SL	QUAKERBRIDGE RD	4254
SL	QUAKERBRIDGE RD	4256
SL	QUAKERBRIDGE RD	4258
SL	QUAKERBRIDGE RD	4260
SL	QUAKERBRIDGE RD	4262
BF	QUAKERBRIDGE RD	4264
BF	QUAKERBRIDGE RD	4266
BF	QUAKERBRIDGE RD	4268
BF	QUAKERBRIDGE RD	4270
BF	QUAKERBRIDGE RD	4272
BF	QUAKERBRIDGE RD	4274
BF	QUAKERBRIDGE RD	4276
EP	SKILLMAN AVE	*
BF	SKY CT	*
SL	SLACK AVE	*
EP	SMITHFIELD AVE	*
EP	SNYDER AVE	*
LES	SOCIETY WAY	*
BF	SONNET PLACE	*
BF	SOUTH ST	*
BF	SPRING BEAUTY DR	*
LES	SPRINGWOOD DR	*
SL	SPRUCE ST	834
SL	SPRUCE ST	836
SL	SPRUCE ST	838
SL	SPRUCE ST	840
SL	SPRUCE ST	842
SL	SPRUCE ST	844
SL	SPRUCE ST	846
SL	SPRUCE ST	848
SL	SPRUCE ST	850
SL	SPRUCE ST	852
SL	SPRUCE ST	854
SL	SPRUCE ST	856
SL	SPRUCE ST	858
SL	SPRUCE ST	860
SL	SPRUCE ST	862
SL	SPRUCE ST	864
SL	SPRUCE ST	866
SL	SPRUCE ST	868
SL	SPRUCE ST	870
SL	SPRUCE ST	872
SL	SPRUCE ST	874
SL	SPRUCE ST	876
SL	SPRUCE ST	878
SL	SPRUCE ST	880
SL	SPRUCE ST	882
SL	SPRUCE ST	884
SL	SPRUCE ST	886
SL	SPRUCE ST	888
SL	SPRUCE ST	890
SL	SPRUCE ST	892
SL	SPRUCE ST	894
SL	SPRUCE ST	896
SL	SPRUCE ST	898
SL	SPRUCE ST	900
SL	SPRUCE ST	902
SL	SPRUCE ST	904
SL	SPRUCE ST	906
SL	SPRUCE ST	908
SL	SPRUCE ST	910
SL	SPRUCE ST	912
SL	SPRUCE ST	914
SL	SPRUCE ST	916
SL	SPRUCE ST	918
SL	SPRUCE ST	920
SL	SPRUCE ST	922
SL	SPRUCE ST	924
SL	SPRUCE ST	926
SL	SPRUCE ST	928
SL	SPRUCE ST	930
SL	SPRUCE ST	932
SL	SPRUCE ST	934
SL	SPRUCE ST	936
SL	SPRUCE ST	938
SL	SPRUCE ST	940
SL	SPRUCE ST	942
SL	SPRUCE ST	944
SL	SPRUCE ST	946
SL	SPRUCE ST	948
SL	SPRUCE ST	950
SL	SPRUCE ST	952
SL	SPRUCE ST	954
SL	SPRUCE ST	956
SL	SPRUCE ST	958
SL	SPRUCE ST	960
SL	SPRUCE ST	962
SL	SPRUCE ST	964
SL	SPRUCE ST	966
SL	SPRUCE ST	968
SL	SPRUCE ST	970
SL	SPRUCE ST	972
SL	SPRUCE ST	974
SL	SPRUCE ST	976
SL	SPRUCE ST	978
SL	SPRUCE ST	980
SL	SPRUCE ST	982
SL	SPRUCE ST	984
SL	SPRUCE ST	986
SL	SPRUCE ST	988
SL	SPRUCE ST	990
SL	SPRUCE ST	992
SL	SPRUCE ST	994
SL	SPRUCE ST	996
SL	SPRUCE ST	998
SL	SPRUCE ST	1000
SL	SPRUCE ST	1002
SL	SPRUCE ST	1004
SL	SPRUCE ST	1006
SL	SPRUCE ST	1008
SL	SPRUCE ST	1010
SL	SPRUCE ST	1012
SL	SPRUCE ST	1014
SL	SPRUCE ST	1016
SL	SPRUCE ST	1018
SL	SPRUCE ST	1020
SL	SPRUCE ST	1022
SL	SPRUCE ST	1024
SL	SPRUCE ST	1026
SL	SPRUCE ST	1028
SL	SPRUCE ST	1030
SL	SPRUCE ST	1032
SL	SPRUCE ST	1034
SL	SPRUCE ST	1036
SL	SPRUCE ST	1038
SL	SPRUCE ST	1040
SL	SPRUCE ST	1042
SL	SPRUCE ST	1044
SL	SPRUCE ST	1046
SL	SPRUCE ST	1048
SL	SPRUCE ST	1050
SL	SPRUCE ST	1052
SL	SPRUCE ST	1054
SL	SPRUCE ST	1056
SL	SPRUCE ST	1058
SL	SPRUCE ST	1060
SL	SPRUCE ST	1062
SL	SPRUCE ST	1064
SL	SPRUCE ST	1066
SL	SPRUCE ST	1068
SL	SPRUCE ST	1070
SL	SPRUCE ST	1072
SL	SPRUCE ST	1074
SL	SPRUCE ST	1076
SL	SPRUCE ST	1078
SL	SPRUCE ST	1080
SL	SPRUCE ST	1082
SL	SPRUCE ST	1084
SL	SPRUCE ST	1086
SL	SPRUCE ST	1088
SL	SPRUCE ST	1090
SL	SPRUCE ST	1092
SL	SPRUCE ST	1094
SL	SPRUCE ST	1096
SL	SPRUCE ST	1098
SL	SPRUCE ST	1100
SL	SPRUCE ST	1102
SL	SPRUCE ST	1104
SL	SPRUCE ST	1106
SL	SPRUCE ST	1108
SL	SPRUCE ST	1110
SL	SPRUCE ST	1112
SL	SPRUCE ST	1114
SL	SPRUCE ST	1116
SL	SPRUCE ST	1118
SL	SPRUCE ST	1120
EP	STELLA DR	*
SL	STEVENS AVE	*
EP	STEWARDS CRSSNG WAY/CIRCLE	*
LES	STONERISE DR	*
LES	STONY CREEK PLACE	*
BF	STONICKER DR	*
SL	STOUT CT	*
BF	STRATFORD DR	*
SL	STRATTON PLACE	*
SL	STREAM DR	*
BF	STURWOOD WAY	*
EP	SUNSET RD	*
BF	SURREY DR	*
LES	SYCAMORE CT	*
LES	TALL TIMBERS DR	*
BF	TALON CT	*
BF	TAMAR CT	*
SL	TARTAN CT	*
BF	TEAK LANE	*
BF	TEMPLE TERR	*
EP	TEXAS AVE	*
BF	THERESA DR	*
EP	TIFFANY WOODS RD	*
LES	TIOGA AVE	*
LES	TITUS AVE	*
LES	TOFTREES CT	*
BF	TOMLYN DR	*
SL	TOMPKINS PLACE	*
BF	TOWER PLACE	*
BF	TOWN CT (ALL)	*
BF	TRACEY DR	*
EP	TRADITIONS WAY	*
BF	TRAFALGAR CT	*
SL	TRUMBULL AVE	*
EP	TUDOR LANE	*
EP	TULANE AVE	*
