Street,Zip,"",Lo,High,School,Odd/Even
Aberfeldy Drive,08618,"","","",Jefferson Elementary,""
Aberfeldy Drive,08618,"","","",Kilmer Middle School,""
Abernethy Drive,08618,"","","",Jefferson Elementary,""
Abernethy Drive,08618,"","","",Kilmer Middle School,""
Academy Street,08608,"","","",King Elementary,""
Academy Street,08608,"","","",Rivera Middle,""
Adam Avenue,08618,"","","",Gregory Elementary,""
Adam Avenue,08618,"","","",Kilmer Middle School,""
Addie Alley,08618,"","","",King Elementary,""
Addie Alley,08618,"","","",Rivera Middle,""
Adeline Street,08611,"",1,699,Columbus Elem (Harrison),""
Adeline Street,08611,"",700,1220,Franklin Elementary,last odd 1141/last even 1220
Adeline Street,08611,"",1,1220,Dunn Middle,last odd 1141/last even 1220
Afton Avenue,08618,"","","",Jefferson Elementary,""
Afton Avenue,08618,"","","",Kilmer Middle School,""
Alden Avenue,08618,"","","",Jefferson Elementary,""
Alden Avenue,08618,"","","",Kilmer Middle School,""
Allen Street,08618,"","","",King Elementary,""
Allen Street,08618,"","","",Rivera Middle,""
Amtico Square,08609,"","","",Wilson Elementary,""
Amtico Square,08609,"","","",Rivera Middle,""
Anchor Court,08609,"","","",Grant Elementary,""
Anchor Court,08609,"","","",Rivera Middle,""
Anderson Street,08611,"",1,99,Robbins Elementary,""
Anderson Street,08611,"",100,599,Washington Elementary,""
Anderson Street,08611,"",600,End,Franklin Elementary,""
Anderson Street,08611,"",1,99,Hg-Wms. Middle,""
Anderson Street,08611,"",100,End,Dunn Middle,""
Anderson Street- North,08609,"","","",Robbins Elementary,""
Anderson Street- North,08609,"","","",Hg-Wms. Middle,""
Arch Street,08611,"","","",Columbus Elem (Harrison),""
Arch Street,08611,"","","",Dunn Middle,""
Ardmore Avenue,08629,"","","",Robeson Elementary,""
Ardmore Avenue,08629,"","","",Hg-Wms. Middle,""
Argyle Avenue,08618,"","","",Jefferson Elementary,""
Argyle Avenue,08618,"","","",Kilmer Middle School,""
Arlington Avenue,08618,"","","",Jefferson Elementary,""
Arlington Avenue,08618,"","","",Kilmer Middle School,""
Artisan Avenue,08618,"","","",Gregory Elementary,""
Artisan Avenue,08618,"","","",Kilmer Middle School,""
Asbury Place,08611,"","","",Parker Elementary,""
Asbury Place,08611,"","","",Dunn Middle,""
Asbury Street,08611,"","","",Parker Elementary,""
Asbury Street,08611,"","","",Dunn Middle,""
Ashmore Avenue,08611,"",1,199,Washington Elementary,""
Ashmore Avenue,08611,"",200,End,Franklin Elementary,""
Ashmore Avenue,08611,"","","",Dunn Middle,""
Atterbury Avenue,08618,"","","",Kilmer Middle School,""
Bank Street,08618,"","","",King Elementary,""
Bank Street,08618,"","","",Rivera Middle,""
Barbara Street,08609,"","","",King Elementary,""
Barbara Street,08618,"","","",Rivera Middle,""
Barlow Street,08609,"","","",Robbins Elementary,""
Barlow Street,08609,"","","",Hg-Wms. Middle,""
Barnes Street,08618,"","","",King Elementary,""
Barnes Street,08618,"","","",Rivera Middle,""
Barnt Avenue,08611,"","","",Columbus Elem (Harrison),""
Barnt Avenue,08611,"","","",Dunn Middle,""
Barrack Street,08608,"","","",Parker Elementary,""
Barrack Street,08608,"","","",Dunn Middle,""
Bayard Street,08611,"","","",Washington Elementary,""
Bayard Street,08611,"","","",Dunn Middle,""
Beakes Street,08638,"","","",King Elementary,""
Beakes Street,08638,"","","",Rivera Middle,""
Beatty Street,08611,"",1,99,Washington Elementary,""
Beatty Street,08611,"",100,End,Columbus Elem (Harrison),""
Beatty Street,08611,"","","",Dunn Middle,""
Beaver Lane,08609,"","","",Grant Elementary,""
Beaver Lane,08609,"","","",Rivera Middle,""
Beechwood Avenue,08618,"","","",Jefferson Elementary,last odd 301/last even 300
Beechwood Avenue,08618,"","","",Kilmer Middle School,last odd 301/last even 300
Bellevue Avenue,08618,"",1,344,Gregory Elem (Monument),""
Bellevue Avenue,08618,"",345,899,Gregory Elementary,""
Bellevue Avenue,08618,"",900,End,Jefferson Elementary,""
Bellevue Avenue,08608,"",1,344,Rivera Middle,""
Bellevue Avenue,08618,"",345,End,Kilmer Middle School,""
Belmont Circle,08618,"","","",Jefferson Elementary,""
Belmont Circle,08618,"","","",Kilmer Middle School,""
Belvidere Street,08618,"","","",Gregory Elem (Monument),""
Belvidere Street,08618,"","","",Rivera Middle,""
Benton Street,08609,"","","",Robbins Elementary,""
Benton Street,08609,"","","",Hg-Wms. Middle,""
Berkeley Avenue,08618,"","","",Jefferson Elementary,""
Berkeley Avenue,08618,"","","",Kilmer Middle School,""
Bernard Street,08618,"","","",Gregory Elementary,""
Bernard Street,08618,"","","",Kilmer Middle School,""
Bert Avenue,08629,"",1,390,Robeson Elementary,""
Bert Avenue,08629,"",391,End,Washington Elementary,""
Bert Avenue,08629,"","","",Hg-Wms. Middle,""
Bert Avenue,08629,"",391,End,Dunn Middle,""
Bismarck Avenue,08618,"","","",Robeson Elementary,""
Bismarck Avenue,08629,"","","",Hg-Wms. Middle,""
Bloomfield Avenue,08618,"","","",Jefferson Elementary,""
Bloomfield Avenue,08618,"","","",Kilmer Middle School,""
Bond Street,08618,"","","",Rivera Middle,""
Borden Way,08618,"","","",King Elementary,""
Borden Way,08618,"","","",Rivera Middle,""
Boudinot Street,08618,"","","",Gregory Elementary,""
Boudinot Street,08618,"","","",Kilmer Middle School,""
Breunig Avenue,08638,"","","",Wilson Elementary,""
Breunig Avenue,08638,"","","",Rivera Middle,""
Bridge Street,08611,"","","",Parker Elementary,""
Bridge Street,08611,"","","",Dunn Middle,""
Brinton Avenue,08618,"","","",Jefferson Elementary,""
Brinton Avenue,08618,"","","",Kilmer Middle School,""
Broad Street-North,08608,"","","",King Elementary,""
Broad Street-North,08608,"","","",Rivera Middle,""
Broad Street-South,08608,"",1,605,Parker Elementary,""
Broad Street-South,08610,"",606,1065,Columbus Elem (Harrison),""
Broad Street-South,08610,"",1066,1544,Franklin Elementary,last odd 1439/last even 1544
Broad Street-South,08611,"",1,1544,Dunn Middle,last odd 1439/last even 1544
Brook Street,08618,"","","",Gregory Elem (Monument),""
Brook Street,08618,"","","",Rivera Middle,""
Brown Street,08610,"","","",Franklin Elementary,""
Brown Street,08610,"","","",Dunn Middle,""
Bruce Park Drive,08618,"","","",Jefferson Elementary,""
Bruce Park Drive,08618,"","","",Kilmer Middle School,""
Brunswick Avenue,08618,"",1,822,King Elementary,""
Brunswick Avenue,08638,"",837,1438,Columbus Elementary,last odd 999/last even 1438
Brunswick Avenue,08638,"",1,1438,Rivera Middle,last odd 999/last even 1438
Bryn Mawr Avenue,08618,"","","",Gregory Elementary,""
Bryn Mawr Avenue,08618,"","","",Kilmer Middle School,""
Buckingham Avenue,08618,"","","",Jefferson Elementary,""
Buckingham Avenue,08618,"","","",Kilmer Middle School,""
Burton Avenue,08618,"","","",King Elementary,""
Burton Avenue,08618,"","","",Rivera Middle,""
Bushler Alley,08611,"","","",Columbus Elem (Harrison),""
Bushler Alley,08611,"","","",Dunn Middle,""
Butler Street,08611,"","","",Washington Elementary,""
Butler Street,08611,"","","",Dunn Middle,""
Cadwalader Drive,08618,"","","",Jefferson Elementary,""
Cadwalader Drive,08618,"","","",Kilmer Middle School,""
Cadwalader Terrace,08618,"","","",Kilmer Middle School,""
Cadwalader Terrace,08618,"","","",Jefferson Elementary,""
Cain Avenue,08638,"","","",King Elementary,""
Cain Avenue,08638,"","","",Rivera Middle,""
Calhoun Street,08618,"",1,588,Gregory Elem (Monument),""
Calhoun Street,08618,"",614,1998,King Elementary,last odd 875/last even 1998
Calhoun Street,08618,"",1,1998,Rivera Middle,last odd 875/last even 1998
Camden Street,08618,"","","",Gregory Elem (Monument),""
Camden Street,08618,"","","",Rivera Middle,""
Canal Street - East,08609,"","","",Hg-Wms. Middle,""
Canal Street - West,08609,"","","",Grant Elementary,""
Canal Street - West,08609,"","","",Rivera Middle,""
Capitol Street,08618,"","","",Gregory Elem (Monument),""
Capitol Street,08618,"","","",Rivera Middle,""
Capner Street,08610,"","","",Franklin Elementary,""
Capner Street,08610,"","","",Dunn Middle,""
Carroll Street,08609,"","","",Grant Elementary,""
Carroll Street,08609,"","","",Rivera Middle,""
Carteret Avenue,08618,"","","",Jefferson Elementary,""
Carteret Avenue,08618,"","","",Kilmer Middle School,""
Carver Lane,08618,"","","",Gregory Elem (Monument),""
Carver Lane,08618,"","","",Rivera Middle,""
Casper Alley,08618,"","","",Gregory Elem (Monument),""
Casper Alley,08618,"","","",Rivera Middle,""
Cass Street,08611,"",1,550,Mott Elementary,""
Cass Street,08611,"",603,End,Columbus Elem (Harrison),""
Cass Street,08611,"","","",Dunn Middle,""
Cavell Avenue,08618,"","","",King Elementary,""
Cavell Avenue,08618,"","","",Rivera Middle,""
Cedar Lane,08610,"","","",Franklin Elementary,Only #101
Cedar Lane,08610,"","","",Dunn Middle,Only #101
Centennial Avenue,08629,"","","",Robeson Elementary,""
Centennial Avenue,08629,"","","",Hg-Wms. Middle,""
Centre Street,08611,"",1,399,Parker Elementary,""
Centre Street,08611,"",400,End,Mott Elementary,""
Centre Street,08611,"","","",Dunn Middle,""
Chadwick Street,08638,"","","",King Elementary,""
Chadwick Street,08638,"","","",Rivera Middle,""
Chambers Street,08609,"",1,289,Hill Elementary,""
Chambers Street,08609,"",290,585,Robbins Elementary,""
Chambers Street,08611,"",617,1072,Washington Elementary,""
Chambers Street,08610,"",1125,1557,Franklin Elementary,Odd Numbers Only
Chambers Street,08609,"",1,585,Hg-Wms. Middle,""
Chambers Street,08610,"",617,1557,Dunn Middle,Odd Numbers Only
Chancery Lane - North,08618,"","","",King Elementary,""
Chancery Lane - North,08618,"","","",Rivera Middle,""
Chapel Street,08618,"","","",King Elementary,""
Chapel Street,08718,"","","",Rivera Middle,""
Charles Street,08618,"","","",Robbins Elementary,""
Charles Street,08618,"","","",Hg-Wms. Middle,""
Chase Court,08638,"","","",King Elementary,""
Chase Court,08638,"","","",Rivera Middle,""
Chase Street,08638,"","","",King Elementary,""
Chase Street,08638,"","","",Rivera Middle,""
Chauncey Avenue,08638,"","","",King Elementary,""
Chauncey Avenue,08638,"","","",Rivera Middle,""
Chelten Way,08638,"","","",Rivera Middle,""
Chelton Avenue,08638,"","","",Gregory Elem (Monument),""
Chelton Avenue,08638,"","","",Rivera Middle,""
Cherry Street,08638,"","","",Columbus Elementary,""
Cherry Street,08638,"","","",Rivera Middle,""
Chestnut Avenue,08609,"",1,453,Robbins Elementary,""
Chestnut Avenue,08609,"",455,1014,Washington Elementary,Last odd 1011/Last even 1014
Chestnut Avenue,08611,"",1013,1957,Columbus Elem (Harrison),""
Chestnut Avenue,08609,"",1,453,Hg-Wms. Middle,""
Chestnut Avenue,08611,"",455,1957,Dunn Middle,""
Christoph Avenue,08618,"","","",Gregory Elementary,""
Christoph Avenue,08618,"","","",Kilmer Middle School,""
Church Street,08618,"","","",Gregory Elem (Monument),""
Church Street,08618,"","","",Rivera Middle,""
Clark Street,08611,"","","",Robbins Elementary,""
Clark Street,08611,"","","",Hg-Wms. Middle,""
Clay Street,08611,"","","",Parker Elementary,""
Clay Street,08611,"","","",Dunn Middle,""
Clearfield Avenue,08618,"","","",Jefferson Elementary,""
Clearfield Avenue,08618,"","","",Kilmer Middle School,""
Cleveland Avenue,08609,"","","",Robeson Elementary,""
Cleveland Avenue,08609,"","","",Hg-Wms. Middle,""
Cliff Street,08611,"","","",Mott Elementary,""
Cliff Street,08611,"","","",Dunn Middle,""
Clinton Avenue North,08609,"",1,352,Grant Elementary,Last odd 309/Last Even 352
Clinton Avenue North,08638,"",311,End,Wilson Elementary,First odd 311/First even 360
Clinton Avenue North,08638,"","","",Rivera Middle,""
Clinton Avenue South,08609,"",1,200,Grant Elementary,""
Clinton Avenue South,08609,"",201,650,Robbins Elementary,""
Clinton Avenue South,08611,"",687,1200,Columbus Elem (Harrison),""
Clinton Avenue South,08611,"",1201,1944,Franklin Elementary,""
Clinton Avenue South,08609,"",1,200,Rivera Middle,""
Clinton Avenue South,08609,"",651,1944,Dunn Middle,last odd 1927/last even 1944
Clinton Avenue South,08609,"",201,650,Hg-Wms. Middle,""
Coates Street,08611,"","","",Mott Elementary,""
Coates Street,08611,"","","",Dunn Middle,""
Cole Street,08618,"","","",Gregory Elementary,""
Cole Street,08618,"","","",Kilmer Middle,""
College Court,08611,"","","",Washington Elementary,""
College Court,08611,"","","",Dunn Middle,""
College Street,08611,"","","",Washington Elementary,""
College Street,08611,"","","",Dunn Middle,""
Colonial Avenue,08618,"","","",Gregory Elementary,""
Colonial Avenue,08618,"","","",Kilmer Middle School,""
Columbia Avenue,08638,"","","",Jefferson Elementary,""
Columbia Avenue,08638,"","","",Kilmer Middle School,""
Columbus Avenue,08629,"",1,361,Robeson Elementary,""
Columbus Avenue,08629,"",1,361,Hg-Wms. Middle,""
Columbus Avenue,08629,"",362,End,Dunn Middle,""
Commerce Street,08618,"","","",King Elementary,""
Commerce Street,08618,"","","",Rivera Middle,""
Commonwealth Avenue,08629,"",1,399,Robeson Elementary,""
Commonwealth Avenue,08629,"",400,End,Washington Elementary,""
Commonwealth Avenue,08629,"",1,399,Hg-Wms. Middle,""
Commonwealth Avenue,08629,"",400,End,Dunn Middle,""
Conovers Alley,08611,"","","",Parker Elementary,""
Conovers Alley,08611,"","","",Dunn Middle,""
Conrad Street,08611,"","","",Robbins Elementary,""
Conrad Street,08611,"","","",Hg-Wms. Middle,""
Cook Avenue North,08609,"","","",Hill Elementary,""
Cook Avenue North,08609,"","","",Hg-Wms. Middle,""
Cook Avenue South,08629,"",1,145,Hill Elementary,""
Cook Avenue South,08629,"",146,End,Robeson Elementary,""
Cook Avenue South,08629,"","","",Hg-Wms. Middle,""
Cook Place,08609,"","","",Robbins Elementary,""
Cook Place,08609,"","","",Hg-Wms. Middle,""
Coolidge Avenue,08618,"","","",Jefferson Elementary,""
Coolidge Avenue,08618,"","","",Kilmer Middle School,""
Cooper Street,08611,"","","",Parker Elementary,""
Cooper Street,08611,"","","",Dunn Middle,""
Cornwall Avenue,08618,"","","",Jefferson Elementary,""
Cornwall Avenue,08618,"","","",Kilmer Middle School,""
Cortland Street,08638,"","","",Wilson Elementary,""
Cortland Street,08638,"","","",Rivera Middle,""
Cottage Place,08618,"","","",Jefferson Elementary,""
Cottage Place,08618,"","","",Kilmer Middle School,""
Cove Street,08611,"","","",Washington Elementary,""
Cove Street,08611,"","","",Dunn Middle,""
Creekview Drive,08609,"","","",Grant Elementary,""
Creekview Drive,08609,"","","",Rivera Middle,""
Cross Street,08638,"","","",Grant Elementary,""
Cross Street,08638,"","","",Rivera Middle,""
Culbertson Avenue,08609,"","","",Robbins Elementary,""
Culbertson Avenue,08609,"","","",Hg-Wms. Middle,""
Cumberland Avenue,08618,"","","",Gregory Elementary,""
Cumberland Avenue,08618,"","","",Kilmer Middle School,""
Cummings Avenue,08611,"",1,299,Washington Elementary,""
Cummings Avenue,08611,"",300,End,Franklin Elementary,""
Cummings Avenue,08611,"","","",Dunn Middle,""
Cummings Place,08611,"","","",Washington Elementary,""
Cummings Place,08611,"","","",Dunn Middle,""
Cuyler Avenue,08609,"",1,150,Hill Elementary,""
Cuyler Avenue,08629,"",151,End,Robeson Elementary,""
Cuyler Avenue,08609,"","","",Hg-Wms. Middle,""
Dale Street,08618,"","","",Rivera Middle,""
Davis Avenue,08629,"","","",Washington Elementary,""
Davis Avenue,08629,"","","",Dunn Middle,""
Daymond Street,08611,"","","",Parker Elementary,""
Daymond Street,08611,"","","",Dunn Middle,""
Dayton Street,08610,"","","",Franklin Elementary,""
Dayton Street,08610,"","","",Dunn Middle,""
Dean Avenue North,08618,"","","",Jefferson Elementary,""
Dean Avenue North,08618,"","","",Kilmer Middle School,""
Dean Avenue South,08618,"","","",Jefferson Elementary,""
Dean Avenue South,08618,"","","",Kilmer Middle School,""
DeKlyn Avenue,08611,"",413,421,Columbus Elem (Harrison),""
DeKlyn Avenue,08610,"",503,End,Franklin Elementary,""
DeKlyn Avenue,08610,"","","",Dunn Middle,""
Delawareview Avenue,08618,"","","",Gregory Elementary,""
Delawareview Avenue,08618,"","","",Kilmer Middle School,""
Dexter Street,08638,"","","",King Elementary,""
Dexter Street,08638,"","","",Rivera Middle,""
Dickinson Street,08638,"","","",Wilson Elementary,""
Dickinson Street,08638,"","","",Rivera Middle,""
Ditmar Alley,08611,"","","",Robbins Elementary,Currently no homes
Ditmar Alley,08611,"","","",Dunn Middle,Currently no homes
Division Street,08611,"",100,699,Washington Elementary,""
Division Street,08611,"",1,99,Robbins Elementary,""
Division Street,08611,"",700,End,Columbus Elem (Harrison),""
Division Street,08611,"",1,99,Hg-Wms. Middle,""
Division Street,08611,"",100,End,Dunn Middle,""
Doane's Alley,08611,"","","",Mott Elementary,""
Doane's Alley,08611,"","","",Dunn Middle,""
Dresdan Avenue,08610,"","","",Dunn Middle,""
Dresden Avenue,08610,"","","",Franklin Elementary,""
Dunham Street,08618,"","","",Gregory Elem (Monument),""
Dunham Street,08618,"","","",Rivera Middle,""
Dye Street,08611,"","","",Columbus Elem (Harrison),""
Dye Street,08611,"","","",Dunn Middle,""
East Trenton Avenue,08638,"","","",Wilson Elementary,""
East Trenton Avenue,08638,"","","",Rivera Middle,""
Eastburn Avenue,08638,"","","",Wilson Elementary,""
Eastburn Avenue,08638,"","","",Rivera Middle,""
Eastfieid Avenue North,08618,"","","",Jefferson Elementary,""
Eastfield Avenue North,08618,"","","",Kilmer Middle School,""
Eastfield Avenue South,08618,"","","",Jefferson Elementary,""
Eastfield Avenue South,08618,"","","",Kilmer Middle School,""
Edgemere Avenue,08618,"","","",Gregory Elementary,""
Edgemere Avenue,08618,"","","",Kilmer Middle School,""
Edgewood Avenue,08618,"",500,799,Gregory Elementary,""
Edgewood Avenue,08618,"",800,End,Jefferson Elementary,""
Edmond Alley,08610,"","","",Gregory Elementary,""
Edmond Alley,08610,"","","",Kilmer Middle School,""
Edwards Plaza,08618,"","","",Jefferson Elementary,""
Edwards Plaza,08618,"","","",Kilmer Middle School,""
Eisenhower Avenue,08618,"","","",Jefferson Elementary,""
Eisenhower Avenue,08618,"","","",Kilmer Middle School,""
Elizabeth Avenue,08629,"","","",Robeson Elementary,No houses in Trenton
Elizabeth Avenue,08629,"","","",Hg-Wms. Middle,No houses in Trenton
Elizabeth Street,08609,"","","",Grant Elementary,""
Elizabeth Street,08609,"","","",Rivera Middle,""
Ellis Avenue,08638,"","","",Columbus Elementary,""
Ellis Avenue,08638,"","","",Rivera Middle,""
Ellsworth Avenue,08618,"","","",Gregory Elementary,""
Ellsworth Avenue,08618,"","","",Kilmer Middle School,""
Elm Street,08611,"","","",Columbus Elem (Harrison),""
Elm Street,08611,"","","",Dunn Middle,""
Elmer Street,08611,"","","",Robbins Elementary,""
Elmer Street,08611,"","","",Hg-Wms. Middle,""
Elmhurst Avenue,08618,"","","",Gregory Elementary,""
Elmhurst Avenue,08618,"","","",Kilmer Middle School,""
Emmett Avenue,08629,"","","",Robeson Elementary,""
Emmett Avenue,08629,"","","",Hg-Wms. Middle,""
Emory Avenue,08611,"","","",Washington Elementary,""
Emory Avenue,08611,"","","",Dunn Middle,""
Enterprise Avenue,08638,"","","",Wilson Elementary,""
Enterprise Avenue,08638,"","","",Rivera Middle,""
Escher Street,08609,"","","",Grant Elementary,""
Escher Street,08609,"","","",Rivera Middle,""
Euclid Avenue,08609,"","","",Hg-Wms. Middle,""
Euclid Avenue,08609,"","","",Robeson Elementary,""
Evans Avenue,08638,"","","",King Elementary,""
Evans Avenue,08638,"","","",Rivera Middle,""
Everett Alley,08611,"","","",Parker Elementary,""
Everett Alley,08611,"","","",Dunn Middle,""
Ewing Street,08609,"","","",Grant Elementary,""
Ewing Street,08609,"","","",Rivera Middle,""
Exton Avenue,08618,"","","",Gregory Elementary,""
Exton Avenue,08618,"","","",Kilmer Middle School,""
Faircrest Avenue,08609,"","","",Robbins Elementary,""
Faircrest Avenue,08609,"","","",Hg-Wms. Middle,""
Fairmount Avenue,08629,"","","",Robeson Elementary,Last odd 1051/Last even 1040
Fairmount Avenue,08629,"","","",Hg-Wms. Middle,Last odd 1051/Last even 1040
Fairway Drive,08618,"","","",Gregory Elem (Monument),""
Fairway Drive,08618,"","","",Rivera Middle,""
Farragut Avenue,08629,"","","",Robeson Elementary,""
Farragut Avenue,08629,"","","",Hg-Wms. Middle,""
Federal Street,08611,"","","",Dunn Middle,""
Fell Street,08638,"","","",King Elementary,""
Fell Street,08638,"","","",Rivera Middle,""
Ferry Street,08611,"","","",Parker Elementary,""
Ferry Street,08611,"","","",Dunn Middle,""
Fillmore Street,08638,"","","",Wilson Elementary,""
Filmore Street,08638,"","","",Rivera Middle,""
Firth Street,08638,"","","",Wilson Elementary,""
Firth Street,08638,"","","",Rivera Middle,""
Fisher Place,08618,"","","",Gregory Elementary,""
Fisher Place,08618,"","","",Kilmer Middle School,""
Forrest Street,08638,"","","",Robbins Elementary,""
Forrest Street,08638,"","","",Hg-Wms. Middle,""
Fountain Avenue,08618,"","","",King Elementary,""
Fountain Avenue,08618,"","","",Rivera Middle,""
Fowler Street,08618,"","","",Gregory Elem (Monument),""
Fowler Street,08618,"","","",Rivera Middle,""
Franklin Street,08611,"",1,79,Robbins Elementary,""
Franklin Street,08611,"",80,599,Washington Elementary,""
Franklin Street,08611,"",600,End,Franklin Elementary,""
Franklin Street,08611,"",1,79,Hg-Wms. Middle,""
Franklin Street,08611,"",80,End,Dunn Middle,""
Frazier Street,08618,"","","",Gregory Elem (Monument),""
Frazier Street,08618,"","","",Rivera Middle,""
Freeman Lane,08609,"","","",Hill Elementary,""
Freeman Lane,08609,"","","",Hg-Wms. Middle,""
Front Street East,08611,"","","",Parker Elementary,""
Front Street East,08611,"","","",Dunn Middle,""
Front Street West,08611,"","","",Parker Elementary,""
Front Street West,08611,"","","",Dunn Middle,""
Fuld Street,08638,"","","",King Elementary,""
Fuld Street,08638,"","","",Rivera Middle,""
Fulton Street,08611,"","","",Washington Elementary,""
Fulton Street,08611,"","","",Dunn Middle,""
Furman Street,08611,"","","",Parker Elementary,""
Furman Street,08611,"","","",Dunn Middle,""
Gardner Avenue,08618,"","","",Jefferson Elementary,""
Gardner Avenue,08618,"","","",Kilmer Middle School,""
Garfield Avenue,08609,"",1,99,Hill Elementary,""
Garfield Avenue,08609,"",100,End,Robeson Elementary,""
Garfield Avenue,08609,"","","",Hg-Wms. Middle,""
General Greene Avenue,08618,"","","",Gregory Elementary,""
General Greene Avenue,08618,"","","",Kilmer Middle School,""
Genesee Street,08611,"",1,599,Columbus Elem (Harrison),5th graders to Franklin
Genesee Street,08611,"",600,1345,Franklin Elementary,last odd 1345/last even 1328
Genesee Street,08611,"",1,1345,Dunn Middle,last odd 1345/last even 1328
George Street,08638,"","","",King Elementary,""
George Street,08638,"","","",Rivera Middle,""
Girard Avenue,08638,"","","",Rivera Middle,""
Gladstone Avenue,08629,"","","",Robeson Elementary,""
Gladstone Avenue,08629,"","","",Hg-Wms. Middle,""
Glenwood Avenue,08618,"","","",Jefferson Elementary,""
Glenwood Avenue,08618,"","","",Kilmer Middle School,""
Gordon Avenue,08618,"","","",King Elementary,""
Gordon Avenue,08618,"","","",Rivera Middle,""
Gouveneur Avenue North,08618,"","","",Jefferson Elementary,""
Gouveneur Avenue North,08618,"","","",Kilmer Middle School,""
Gouveneur Avenue South,08618,"","","",Jefferson Elementary,""
Gouveneur Avenue South,08618,"","","",Kilmer Middle School,""
Grand Street,08611,"",1,499,Columbus Elem (Harrison),5th graders to Franklin
Grand Street,08611,"",500,End,Franklin Elementary,""
Grand Street,08611,"","","",Dunn Middle,""
Grant Avenue,08609,"","","",Grant Elementary,""
Grant Avenue,08609,"","","",Rivera Middle,""
Greeley Alley,08638,"","","",Columbus Elementary,""
Greeley Alley,08638,"","","",Rivera Middle,""
Green Place,08609,"","","",Gregory Elementary,""
Green Place,08609,"","","",Gregory Elem (Monument),""
Green Place,08618,"","","",Rivera Middle,""
Greenwood Avenue,08611,"",1,299,Parker Elementary,""
Greenwood Avenue,08609,"",300,799,Robbins Elementary,""
Greenwood Avenue,08609,"",800,1508,Robeson Elementary,Last even 1508/Last odd 1501
Greenwood Avenue,08611,"",1,299,Dunn Middle,""
Greenwood Avenue,08609,"",300,1508,Hg-Wms. Middle,last even 1508/last odd 1501
Hamilton Avenue,08611,"",1,99,Parker Elementary,""
Hamilton Avenue,08609,"",104,599,Robbins Elementary,551/534 last Robbins
Hamilton Avenue,08629,"",600,1328,Robeson Elementary,last even 1328/last odd 1161
Hamilton Avenue,08609,"",1,99,Dunn Middle,Nothing at dunn
Hamilton Avenue,08609,"",104,1328,Hg-Wms. Middle,last even 1328/last odd 1161
Hampton Avenue,08609,"",102,End,Robeson Elementary,""
Hampton Avenue,08609,"",1,101,Hill Elementary,""
Hampton Avenue,08638,"","","",Hg-Wms. Middle,""
Hancock Street,08611,"","","",Columbus Elem (Harrison),5th graders to Hill
Hancock Street,08611,"","","",Dunn Middle,""
Hanford Place,08609,"","","",Robbins Elementary,""
Hanford Place,08609,"","","",Hg-Wms. Middle,""
Hanover Street East,08608,"",1,199,King Elementary,""
Hanover Street East,08608,"",200,400,Grant Elementary,""
Hanover Street East,08608,"",1,400,Rivera Middle,""
Hanover Street West,08618,"",6,101,King Elementary,""
Hanover Street West,08618,"",102,409,Gregory Elem (Monument),""
Hanover Street West,08618,"",410,End,Gregory Elementary,""
Hanover Street West,08618,"",1,409,Rivera Middle,""
Hanover Street West,08618,"",410,End,Kilmer Middle School,""
Harding Street,08611,"","","",Columbus Elem (Harrison),""
Harris Avenue,08618,"","","",King Elementary,""
Harris Avenue,08618,"","","",Rivera Middle,""
Hart Avenue,08638,"","","",Wilson Elementary,""
Hart Avenue,08638,"","","",Rivera Middle,""
Hayes Avenue,08618,"","","",Gregory Elementary,""
Hayes Avenue,08618,"","","",Kilmer Middle School,""
Heil Avenue,08638,"","","",Columbus Elementary,""
Heil Avenue,08638,"","","",Rivera Middle,""
Hermitage Avenue North,08618,"","","",Gregory Elementary,""
Hermitage Avenue North,08618,"","","",Kilmer Middle School,""
Hermitage Avenue South,08618,"","","",Gregory Elementary,""
Hermitage Avenue South,08618,"","","",Kilmer Middle School,""
Hewitt Street,08611,"",1,199,Washington Elementary,""
Hewitt Street,08611,"",200,End,Franklin Elementary,""
Hewitt Street,08611,"","","",Dunn Middle,""
High Street,08611,"","","",Robbins Elementary,4th & 5th graders to Washington
High Street,08611,"","","",Hg-Wms. Middle,""
Highland Avenue,08618,"","","",Jefferson Elementary,""
Highland Avenue,08618,"","","",Kilmer Middle School,""
Hillcrest Avenue,08611,"",1,362,Jefferson Elementary,last even 362/last odd 250
Hillcrest Avenue,08618,"",1,362,Kilmer Middle School,last even 362/last odd 249
Hill's Place,08611,"",1,199,Parker Elementary,""
Hill's Place,08611,"",200,End,Mott Elementary,""
Hill's Place,08611,"","","",Dunn Middle,""
Hillside Avenue,08618,"","","",King Elementary,""
Hillside Avenue,08618,"","","",Rivera Middle,""
Hilton Street,08629,"","","",Robeson Elementary,""
Hilton Street,08629,"","","",Hg-Wms. Middle,""
Hilvista Boulevard,08618,"","","",Jefferson Elementary,""
Hilvista Boulevard,08618,"","","",Kilmer Middle School,""
Hobart Avenue,08629,"",1,133,Robeson Elementary,""
Hobart Avenue,08629,"",1,133,Hg-Wms. Middle,""
Hoffman Avenue,08618,"",1,180,Gregory Elementary,""
Hoffman Avenue,08618,"","","",Kilmer Middle School,""
Hoffman Avenue,08618,"",181,End,Jefferson Elementary,""
Hollywood Avenue,08609,"","","",Robbins Elementary,""
Hollywood Avenue,08609,"","","",Hg-Wms. Middle,""
Homan Avenue,08618,"","","",Jefferson Elementary,""
Homan Avenue,08618,"","","",Kilmer Middle School,""
Home Avenue,08611,"","","",Columbus Elem (Harrison),""
Home Avenue,08611,"","","",Dunn Middle,""
Houghton Avenue,08638,"","","",Wilson Elementary,""
Houghton Avenue,08638,"","","",Rivera Middle,""
Howard Street,08611,"","","",Columbus Elem (Harrison),""
Howard Street,08611,"","","",Dunn Middle,""
Howell Street,08610,"","","",Franklin Elementary,""
Howell Street,08610,"","","",Dunn Middle,""
Hudson Court,08611,"","","",Dunn Middle,""
Hudson Street,08611,"",1,450,Robbins Elementary,""
Hudson Street,08611,"",451,699,Washington Elementary,""
Hudson Street,08609,"",700,End,Columbus Elem (Harrison),""
Hudson Street,08609,"","","",Dunn Middle,""
Huff Avenue,08618,"","","",Jefferson Elementary,""
Huff Avenue,08618,"","","",Kilmer Middle School,""
Humboldt Street,08618,"","","",King Elementary,""
Humboldt Street,08618,"","","",Rivera Middle,""
Hurley Street,08638,"","","",Wilson Elementary,""
Hurley Street,08638,"","","",Rivera Middle,""
Huston's Alley,08611,"","","",Mott Elementary,""
Huston's Alley,08611,"","","",Dunn Middle,""
Imperial Court,08609,"","","",Grant Elementary,""
Imperial Court,08609,"","","",Rivera Middle,""
Indiana Avenue,08638,"","","",Columbus Elementary,""
Indiana Avenue,08638,"","","",Rivera Middle,""
Ingham Avenue - East,08618,"",19,120,King Elementary,""
Ingham Avenue - East,08618,"",19,120,Rivera Middle,""
Ingham Avenue - West,08618,"",16,533,King Elementary,Last even 152/Last odd 533
Ingham Avenue - West,08618,"",16,533,Rivera Middle,Last even 152/Last odd 533
Ingleton Street,08611,"","","",Mott Elementary,""
Ingleton Street,08611,"","","",Dunn Middle,""
Ivins Alley,08618,"","","",King Elementary,""
Ivins Alley,08618,"","","",Rivera Middle,""
Ivy Court,08618,"","","",Jefferson Elementary,""
Ivy Court,08618,"","","",Kilmer Middle School,""
Jackson Street,08611,"","","",Parker Elementary,""
Jackson Street,08611,"","","",Dunn Middle,""
Jarvis Place,08618,"","","",Gregory Elementary,""
Jarvis Place,08618,"","","",Kilmer Middle School,""
Jennett Street,08638,"","","",King Elementary,""
Jennett Street,08638,"","","",Rivera Middle,""
Jersey Street,08611,"","","",Columbus Elem (Harrison),""
Jersey Street,08611,"","","",Dunn Middle,""
John Fitch Way,08611,"","","",Parker Elementary,Currently no homes
John Fitch Way,08611,"","","",Dunn Middle,Currently no homes
Kafer Street,08618,"","","",Gregory Elem (Monument),""
Kafer Street,08618,"","","",Rivera Middle,""
Kearney Avenue,08629,"","","",Robeson Elementary,""
Kearney Avenue,08629,"","","",Hg-Wms. Middle,""
Kelsey Avenue,08618,"","","",Gregory Elem (Monument),""
Kelsey Avenue,08618,"","","",Rivera Middle,""
Kensington Avenue,08618,"","","",Jefferson Elementary,""
Kensington Avenue,08618,"","","",Kilmer Middle School,""
Kent Street,08611,"","","",Washington Elementary,""
Kent Street,08611,"","","",Dunn Middle,""
Kingsbury Square,08611,"","","",Dunn Middle,""
Kirkbride Avenue,08638,"",1,167,King Elementary,Last even 140/Last odd 167
Kirkbride Avenue,08638,"",1,167,Rivera Middle,Last even 140/Last odd 167
Klagg Avenue,08638,"","","",Wilson Elementary,""
Klagg Avenue,08638,"","","",Rivera Middle,""
Kulp Street,08618,"","","",Jefferson Elementary,""
Kulp Street,08618,"","","",Kilmer Middle School,""
LaBarre Avenue,08618,"","","",Jefferson Elementary,""
LaBarre Avenue,08618,"","","",Kilmer Middle School,""
LaClede Avenue,08618,"","","",Jefferson Elementary,""
LaClede Avenue,08618,"","","",Kilmer Middle School,""
Lafayette Street East,08608,"","","",Parker Elementary,""
Lafayette Street East,08608,"","","",Dunn Middle,""
Lafayette Street West,08608,"","","",Parker Elementary,""
Lafayette Street West,08608,"","","",Dunn Middle,""
Lakeside Avenue,08611,"","","",Franklin Elementary,""
Lakeside Avenue,08611,"","","",Dunn Middle,""
Lalor Street,08611,"",1,312,Mott Elementary,Last Odd 209
Lalor Street,08611,"",410,756,Columbus Elem (Harrison),Even Only
Lalor Street,08611,"",758,1078,Franklin Elementary,Even Only
Lalor Street,08611,"",1,1078,Dunn Middle,Last Odd 209
Lamberton Street,08611,"",1,599,Parker Elementary,""
Lamberton Street,08611,"",600,End,Mott Elementary,""
Lamberton Street,08611,"","","",Dunn Middle,""
Landing Street,08611,"","","",Mott Elementary,""
Landing Street,08611,"","","",Dunn Middle,""
LaSalle Avenue,08618,"","","",Jefferson Elementary,""
LaSalle Avenue,08618,"","","",Kilmer Middle School,""
Laurel Avenue,08618,"","","",Jefferson Elementary,""
Laurel Avenue,08618,"","","",Kilmer Middle School,""
Laurel Place,08618,"","","",Jefferson Elementary,""
Laurel Place,08618,"","","",Kilmer Middle School,""
Lawrence Street,08638,"","","",Wilson Elementary,""
Lawrence Street,08638,"","","",Rivera Middle,""
Lee Avenue,08618,"","","",Jefferson Elementary,""
Lee Avenue,08618,"","","",Kilmer Middle School,""
Lenape Avenue North,08618,"","","",Jefferson Elementary,""
Lenape Avenue North,08618,"","","",Kilmer Middle School,""
Lenape Avenue South,08618,"","","",Jefferson Elementary,""
Lenape Avenue South,08618,"","","",Kilmer Middle School,""
Lexington Street,08611,"","","",Mott Elementary,""
Lexington Street,08611,"","","",Dunn Middle,""
Liberty Street,08611,"",1,61,Franklin Elementary,Odd only
Liberty Street,08611,"",2,60,Columbus Elem (Harrison),Even only
Liberty Street,08611,"",62,1047,Franklin Elementary,All
Liberty Street,08611,"",1048,1498,Franklin Elementary,Even only
Liberty Street,08629,"",1500,2116,Robeson Elementary,"Even only, Last number 2116"
Liberty Street,08629,"",1500,2116,Hg-Wms. Middle,"Even only, Last number 2116"
Lincoln Avenue,08609,"","","",Grant Elementary,""
Lincoln Avenue,08609,"","","",Rivera Middle,""
Linwood Street,08638,"","","",Gregory Elementary,""
Linwood Street,08638,"","","",Kilmer Middle School,""
Lipton Avenue,08618,"","","",Jefferson Elementary,""
Lipton Avenue,08618,"","","",Kilmer Middle School,""
Livingston Street,08611,"","","",Parker Elementary,""
Livingston Street,08611,"","","",Dunn Middle,""
Locust Street,08609,"","","",Hill Elementary,""
Locust Street,08609,"","","",Hg-Wms. Middle,""
Logan Avenue North,08609,"","","",Hill Elementary,""
Logan Avenue North,08609,"","","",Hg-Wms. Middle,""
Logan Avenue South,08609,"","","",Robeson Elementary,""
Logan Avenue South,08609,"","","",Hg-Wms. Middle,""
Lyndale Avenue,08629,"","","",Robeson Elementary,""
Lyndale Avenue,08629,"","","",Hg-Wms. Middle,""
Madison Street,08611,"","","",Columbus Elem (Harrison),""
Madison Street,08611,"","","",Dunn Middle,""
Malone Stieet,08611,"","","",Columbus Elem (Harrison),""
Malone Street,08611,"","","",Dunn Middle,""
Maple Avenue,08618,"",1,339,Jefferson Elementary,Last even 332/Last odd 339
Maple Avenue,08618,"",1,339,Kilmer Middle School,Last even 332/Last odd 339
Marion Street,08618,"","","",Gregory Elem (Monument),""
Marion Street,08618,"","","",Rivera Middle,""
Market Street,08611,"","","",Parker Elementary,""
Market Street,08611,"","","",Dunn Middle,""
Marshall Court,08611,"","","",Washington Elementary,""
Marshall Court,08611,"","","",Dunn Middle,""
Martin Luther King Blvd,08638,"",1,1261,King Elementary,Last Odd 1261
Martin Luther King Blvd,08638,"",1,1261,Rivera Middle,Last Odd 1261
Mayer Court,08611,"","","",Mott Elementary,""
Mayer Court,08611,"","","",Dunn Middle,""
McKinley Avenue,08609,"","","",Robbins Elementary,""
McKinley Avenue,08609,"","","",Hg-Wms. Middle,""
Meade Street,08638,"","","",Wilson Elementary,""
Meade Street,08638,"","","",Rivera Middle,""
Mechanics Avenue,08638,"","","",Wilson Elementary,""
Mechanics Avenue,08638,"","","",Rivera Middle,""
Mellon Street,08618,"","","",Jefferson Elementary,""
Mellon Street,08618,"","","",Kilmer Middle School,""
Melrose Avenue,08629,"","","",Robeson Elementary,""
Melrose Avenue,08629,"","","",Hg-Wms. Middle,""
Mercer Street,08611,"","","",Parker Elementary,""
Mercer Street,08611,"","","",Dunn Middle,""
Merchant Street,08608,"","","",Grant Elementary,""
Merchant Street,08608,"","","",Rivera Middle,""
Michigan Avenue,08638,"",1,106,Rivera Middle,""
Middle Rose Street,08618,"","","",King Elementary,""
Middle Rose Street,08618,"","","",Rivera Middle,""
Mifflin Avenue,08629,"","","",Washington Elementary,""
Mifflin Avenue,08629,"","","",Dunn Middle,""
Miller Street,08638,"","","",King Elementary,""
Miller Street,08638,"","","",Rivera Middle,""
Model Avenue,08609,"","","",Grant Elementary,""
Model Avenue,08609,"","","",Rivera Middle,""
Monmouth Place,08609,"","","",Grant Elementary,""
Monmouth Place,08609,"","","",Rivera Middle,""
Monmouth Street,08609,"",1,299,Grant Elementary,""
Monmouth Street,08609,"",300,599,Hill Elementary,""
Monmouth Street,08609,"",600,End,Robbins Elementary,4th & 5th graders to Hill
Monmouth Street,08609,"",1,299,Rivera Middle,""
Monmouth Street,08609,"",300,End,Hg-Wms. Middle,""
Monroe Street,08618,"","","",Gregory Elem (Monument),""
Monroe Street,08618,"","","",Rivera Middle,""
Montgomery Place,08618,"","","",Gregory Elementary,""
Montgomery Place,08618,"","","",Kilmer Middle School,""
Montgomery Street North,08608,"",1,299,Grant Elementary,""
Montgomery Street North,08618,"",300,End,King Elementary,""
Montgomery Street North,08618,"","","",Rivera Middle,""
Montgomery Street South,08608,"","","",Parker Elementary,""
Montgomery Street South,08608,"","","",Dunn Middle,""
Moreland Avenue,08618,"","","",Jefferson Elementary,""
Moreland Avenue,08618,"","","",Kilmer Middle School,""
Morningside Drive,08618,"","","",Jefferson Elementary,""
Morningside Drive,08618,"","","",Kilmer Middle School,""
Morris Avenue,08611,"","","",Washington Elementary,""
Morris Avenue,08611,"","","",Dunn Middle,""
Morris Circle,08618,"","","",Gregory Elementary,""
Morris Circle,08618,"","","",Kilmer Middle School,""
Mott Street,08611,"","","",Robbins Elementary,""
Mott Street,08611,"","","",Hg-Wms. Middle,""
Mount Vernon Avenue,08618,"","","",Jefferson Elementary,""
Mount Vernon Avenue,08618,"","","",Kilmer Middle School,""
Muirhead Avenue,08638,"","","",Wilson Elementary,""
Muirhead Avenue,08638,"","","",Dunn Middle,""
Mulberry Street,08638,"",1,825,Columbus Elementary,Last even 816/Last odd 825
Mulberry Street,08638,"",1,825,Rivera Middle,Last even 816/Last odd 825
Murray Street,08618,"","","",Gregory Elementary,""
Murray Street,08618,"","","",Kilmer Middle School,""
Napton Street,08609,"","","",Robbins Elementary,4th & 5th graders to Hill
Napton Street,08609,"","","",Hg-Wms. Middle,""
Nassau Street,08638,"","","",King Elementary,""
Nassau Street,08638,"","","",Rivera Middle,""
Nelson Street,08618,"","","",Kilmer Middle School,Currently no homes
New Jersey Avenue,08629,"","","",Robeson Elementary,""
New Jersey Avenue,08629,"","","",Hg-Wms. Middle,""
New Miller Street,08638,"","","",King Elementary,""
New Miller Street,08638,"","","",Rivera Middle,""
New Rose Street,08618,"","","",King Elementary,""
New Rose Street,08618,"","","",Rivera Middle,""
New Willow Street,08638,"","","",King Elementary,"*Becomes Princess Diana Ln, Ewing"
New Willow Street,08638,"","","",Rivera Middle,"*Becomes Princess Diana Ln, Ewing"
New York Avenue,08638,"",1,599,Columbus Elementary,""
New York Avenue,08638,"",600,End,Wilson Elementary,""
New York Avenue,08638,"",1,599,Rivera Middle,""
New York Avenue,08638,"",600,End,Rivera Middle,""
Newell Avenue,08618,"","","",Jefferson Elementary,""
Newell Avenue,08618,"","","",Kilmer Middle School,""
Niagra Alley,08618,"","","",Jefferson Elementary,""
Niagra Alley,08618,"","","",Kilmer Middle,""
Nordacs Street,08618,"","","",Jefferson Elementary,""
Nordacs Street,08618,"","","",Kilmer Middle School,""
Norman Avenue,08618,"","","",Jefferson Elementary,""
Norman Avenue,08618,"","","",Kilmer Middle School,""
North Alley,08618,"","","",King Elementary,""
North Alley,08618,"","","",Rivera Middle,""
Norwood Place,08611,"","","",Mott Elementary,""
Norwood Place,08611,"","","",Dunn Middle,""
Oak Lane,08618,"","","",Jefferson Elementary,""
Oak Lane,08618,"","","",Kilmer Middle School,""
Oak Street,08638,"","","",Wilson Elementary,""
Oak Street,08638,"","","",Rivera Middle,""
Oakland Street,08618,"","","",Jefferson Elementary,""
Oakland Street,08618,"","","",Kilmer Middle School,""
Ogden Street,08609,"","","",Grant Elementary,""
Ogden Street,08609,"","","",Rivera Middle,""
Ohio Avenue,08638,"","","",Columbus Elementary,""
Ohio Avenue,08638,"","","",Rivera Middle,""
Old Rose Street,08618,"","","",King Elementary,""
Old Rose Street,08618,"","","",Rivera Middle,""
Olden Avenue North,08638,"",1,100,Hill Elementary,""
Olden Avenue North,08638,"",102,1333,Wilson Elementary,Last even 1330/Last odd 1333
Olden Avenue North,08629,"",1,1333,Hg-Wms. Middle,""
Olden Avenue South,08629,"",161,715,Robeson Elementary,Last even 506/Last odd 715
Olden Avenue South,08629,"",1,160,Hill Elementary,""
Olden Avenue South,08629,"",1,715,Hg-Wms. Middle,Last even 506/Last odd 715
Olive Street,08618,"","","",King Elementary,""
Olive Street,08618,"","","",Rivera Middle,""
Oliver Avenue,08618,"","","",Jefferson Elementary,""
Oliver Avenue,08618,"","","",Kilmer Middle School,""
Orange Street,08611,"","","",Dunn Middle,""
Overbrook Avenue North,08618,"","","",Gregory Elementary,""
Overbrook Avenue North,08618,"","","",Kilmer Middle School,""
Overbrook Avenue South,08618,"","","",Gregory Elementary,""
Overbrook Avenue South,08618,"","","",Kilmer Middle School,""
Oxford Street,08638,"","","",King Elementary,""
Oxford Street,08638,"","","",Rivera Middle,""
Park Avenue,08629,"","","",Robeson Elementary,""
Park Avenue,08629,"","","",Hg-Wms. Middle,""
Parker Avenue,08609,"","","",Hill Elementary,""
Parker Avenue,08609,"","","",Hg-Wms. Middle,""
Parkside Avenue,08618,"",1,942,Jefferson Elementary,Last even 942/Last odd 929
Parkside Avenue,08618,"",1,942,Kilmer Middle School,Last even 942/Last odd 929
Parkway Avenue,08618,"",1,539,Jefferson Elementary,Odd only
Parkway Avenue,08618,"",1,539,Kilmer Middle School,Odd only
Pashley Avenue,08618,"","","",Gregory Elem (Monument),""
Pashley Avenue,08618,"","","",Rivera Middle,""
Passaic Street,08618,"","","",Gregory Elem (Monument),""
Passaic Street,08618,"","","",Rivera Middle,""
Paul Avenue East,08638,"","","",King Elementary,""
Paul Avenue East,08638,"","","",Rivera Middle,""
Paul Avenue West,08638,"","","",King Elementary,""
Paul Avenue West,08638,"","","",Rivera Middle,""
Peace Street,08608,"","","",Parker Elementary,""
Peace Street,08608,"","","",Dunn Middle,""
Pearl Street,08609,"","","",Robbins Elementary,""
Pearl Street,08609,"","","",Hg-Wms. Middle,""
Pennington Avenue,08618,"",1,99,King Elementary,""
Pennington Avenue,08618,"",100,600,Gregory Elem (Monument),""
Pennington Avenue,08618,"",671,909,Jefferson Elementary,Last Even 834/Last odd 909
Pennington Avenue,08618,"",1,600,Rivera Middle,""
Pennington Avenue,08618,"",601,909,Kilmer Middle School,Last Even 834/Last odd 909
Pennsylvania Avenue,08638,"","","",Columbus Elementary,""
Pennsylvania Avenue,08638,"","","",Rivera Middle,""
Perdicaris Place,08618,"","","",Gregory Elementary,""
Perdicaris Place,08618,"","","",Kilmer Middle School,""
Perrine Avenue,08638,"","","",Grant Elementary,""
Perrine Avenue,08638,"","","",Rivera Middle,""
Perry Street,08618,"",1,350,King Elementary,*No numbers between 350 & 500
Perry Street,08618,"",500,End,Grant Elementary,*No numbers between 350 & 500
Perry Street,08618,"","","",Rivera Middle,""
Phillips Avenue,08638,"","","",King Elementary,""
Phillips Avenue,08638,"","","",Rivera Middle,""
Phillips Court,08618,"","","",Gregory Elementary,""
Phillips Court,08618,"","","",Kilmer Middle School,""
Pierce Avenue,08629,"","","",Robeson Elementary,""
Pierce Avenue,08629,"","","",Hg-Wms. Middle,""
Pine Street,08638,"",600,830,Rivera Middle,""
Plum Street,08638,"","","",Columbus Elementary,""
Plum Street,08638,"","","",Rivera Middle,""
Poplar Street,08638,"","","",Wilson Elementary,""
Poplar Street,08638,"","","",Rivera Middle,""
Pottery Lane,08609,"","","",Grant Elementary,""
Pottery Lane,08609,"","","",Rivera Middle,""
Potts Alley,08618,"","","",Gregory Elem (Monument),""
Potts Alley,08618,"","","",Rivera Middle,""
Power Street,08611,"","","",Parker Elementary,""
Power Street,08611,"","","",Dunn Middle,""
Prince Street,08638,"","","",Wilson Elementary,""
Prince Street,08638,"","","",Rivera Middle,""
Princeton Avenue,08638,"",1300,1350,King Elementary,Even Only
Princeton Avenue,08638,"",1352,1570,Columbus Elementary,Even Only
Princeton Avenue,08638,"",1300,1570,Rivera Middle,Even Only
Proctor Avenue,08618,"","","",King Elementary,""
Proctor Avenue,08618,"","","",Rivera Middle,""
Prospect Street,08618,"",1,310,Gregory Elementary,""
Prospect Street,08618,"",400,942,Gregory Elem (Monument),Last even 942/Last odd 853
Prospect Street,08618,"",1,310,Kilmer Middle School,""
Prospect Street,08618,"",400,942,Rivera Middle,Last even 942/Last odd 853
Prospect Village,08618,"","","",Gregory Elem (Monument),""
Prospect Village,08618,"","","",Rivera Middle,""
Quinton Avenue,08629,"","","",Robeson Elementary,""
Quinton Avenue,08629,"","","",Hg-Wms. Middle,""
Race Street,08638,"","","",King Elementary,""
Race Street,08638,"","","",Rivera Middle,""
Randall Avenue,08611,"","","",Columbus Elem (Harrison),""
Randall Avenue,08611,"","","",Dunn Middle,""
Raritan Alley,08618,"","","",Gregory Elem (Monument),""
Raritan Alley,08618,"","","",Rivera Middle,""
Reading Avenue,08618,"","","",Jefferson Elementary,""
Reading Avenue,08618,"","","",Kilmer Middle School,""
Remsen Avenue,08610,"","","",Franklin Elementary,""
Remsen Avenue,08610,"","","",Dunn Middle,""
Renfrew Avenue,08618,"","","",Jefferson Elementary,""
Renfrew Avenue,08618,"","","",Kilmer Middle School,""
Reservoir Street,08618,"","","",Gregory Elem (Monument),""
Reservoir Street,08618,"","","",Rivera Middle,""
Revere Avenue,08629,"","","",Robeson Elementary,""
Revere Avenue,08629,"","","",Hg-Wms. Middle,""
Richey Place,08618,"","","",Gregory Elementary,""
Richey Place,08618,"","","",Kilmer Middle School,""
Rider Avenue,08609,"","","",Grant Elementary,""
Rider Avenue,08609,"","","",Rivera Middle,""
Ringold Street,08618,"","","",King Elementary,""
River Drive,08618,"","","",Jefferson Elementary,""
River Drive,08618,"","","",Kilmer Middle School,""
Riverside Avenue,08618,"",1,732,Gregory Elementary,""
Riverside Avenue,08618,"",800,End,Jefferson Elementary,""
Riverside Avenue,08618,"","","",Kilmer Middle School,""
Riverside Drive,08618,"","","",Jefferson Elementary,""
Riverside Drive,08618,"","","",Kilmer Middle School,""
Roebling Avenue,08611,"",1,199,Columbus Elem (Harrison),""
Roebling Avenue,08611,"",200,End,Washington Elementary,""
Roebling Avenue,08611,"",1,922,Dunn Middle,""
Roebling Avenue,08629,"",923,"",Hg-Wms. Middle,Currently no homes
Rogers Avenue,08618,"","","",Jefferson Elementary,""
Rogers Avenue,08618,"","","",Kilmer Middle School,""
Roosevelt Street,08618,"",567,588,King Elementary,567 through 588 only
Roosevelt Street,08618,"",567,588,Rivera Middle,567 through 588 only
Rosemont Avenue,08618,"","","",Gregory Elementary,""
Rosemont Avenue,08618,"","","",Kilmer Middle School,""
Rossell Avenue,08638,"",1,195,King Elementary,""
Rossell Avenue,08638,"",1,195,Rivera Middle,""
Rushng Street,08611,"","","",Dunn Middle,""
Rusling Street,08611,"",1,199,Columbus Elem (Harrison),""
Rusling Street,08611,"",200,End,Franklin Elementary,""
Rutgers Place,08618,"","","",Gregory Elementary,""
Rutgers Place,08618,"","","",Kilmer Middle School,""
Rutherford Avenue,08618,"","","",Gregory Elementary,""
Rutherford Avenue,08618,"","","",Kilmer Middle School,""
Saint Francis Avenue,08629,"","","",Robeson Elementary,""
Saint Francis Avenue,08629,"","","",Hg-Wms. Middle,""
Saint Joes Avenue,08638,"","","",Wilson Elementary,""
Saint Joes Avenue,08638,"","","",Rivera Middle,""
Sanford Street,08618,"","","",King Elementary,""
Sanford Street,08618,"","","",Rivera Middle,""
Sanhican Drive,08618,"","","",Jefferson Elementary,""
Sanhican Drive,08618,"","","",Kilmer Middle School,""
Schenck Street,08611,"","","",Mott Elementary,""
Schenck Street,08611,"","","",Dunn Middle,""
School Lane,08618,"","","",Jefferson Elementary,""
School Lane,08618,"","","",Kilmer Middle School,""
Second Street,08611,"","","",Mott Elementary,""
Second Street,08611,"","","",Dunn Middle,""
Seward Avenue,08609,"","","",Grant Elementary,""
Seward Avenue,08609,"","","",Rivera Middle,""
Shelburne Avenue,08618,"","","",Jefferson Elementary,""
Shelburne Avenue,08618,"","","",Kilmer Middle School,""
Sheppards Alley,08638,"","","",Rivera Middle,""
Sheppard's Alley,08638,"","","",King Elementary,""
Sheridan Avenue,08609,"","","",Grant Elementary,""
Sherman Avenue,08638,"","","",Wilson Elementary,""
Sherman Avenue,08638,"","","",Rivera Middle,""
Short Street,08618,"","","",Gregory Elem (Monument),""
Short Street,08618,"","","",Rivera Middle,""
Siegel Alley,08638,"","","",King Elementary,""
Siegel Alley,08638,"","","",Rivera Middle,""
Smith Street,08611,"",1,800,Columbus Elem (Harrison),""
Smith Street,08611,"",801,End,Franklin Elementary,""
Smith Street,08611,"",1,End,Dunn Middle,""
Southard Street,08638,"",1,399,Grant Elementary,""
Southard Street,08638,"",400,1092,King Elementary,1000-1092 Even Only - Donnelly Homes
Southard Street,08638,"",1,1092,Rivera Middle,1000-1092 Even Only - Donnelly Homes
Spring Street,08618,"","","",Gregory Elem (Monument),""
Spring Street,08618,"","","",Rivera Middle,""
Spruce Street,08638,"","","",Columbus Elementary,Last even 826/Last odd 921
Spruce Street,08638,"",1,921,Rivera Middle,Last even 826/Last odd 921
Stacy Avenue,08618,"","","",Jefferson Elementary,""
Stacy Avenue,08618,"","","",Kilmer Middle School,""
Stanley Avenue,08618,"","","",Jefferson Elementary,""
Stanley Avenue,08618,"","","",Kilmer Middle School,""
Stanton Street,08618,"","","",Franklin Elementary,""
Stanton Street,08610,"","","",Dunn Middle,""
State Street East,08609,"",1,799,Grant Elementary,""
State Street East,08609,"",800,1303,Hill Elementary,Last even 1292/Last odd 1303
State Street East,08608,"",1,799,Rivera Middle,""
State Street East,08609,"",800,1303,Hg-Wms. Middle,Last even 1292/Last odd 1303
State Street West,08608,"",1,50,King Elementary,""
State Street West,08618,"",100,799,Gregory Elementary,""
State Street West,08618,"",800,End,Jefferson Elementary,""
State Street West,08608,"",1,50,Rivera Middle,""
State Street West,08608,"",100,End,Kilmer Middle School,""
Steamboat Street,08611,"","","",Parker Elementary,""
Steamboat Street,08611,"","","",Dunn Middle,""
Stevens Alley,08609,"","","",Robbins Elementary,""
Stevens Alley,08609,"","","",Hg-Wms. Middle,""
Stockton Place,08611,"","","",Parker Elementary,Currently no homes
Stockton Place,08611,"","","",Dunn Middle,Currently no homes
Stockton Street North,08618,"","","",King Elementary,""
Stockton Street North,08618,"","","",Rivera Middle,""
Stockton Street South,08611,"","","",Parker Elementary,""
Stockton Street South,08611,"","","",Dunn Middle,""
Stokely Avenue,08611,"","","",Mott Elementary,""
Stokely Avenue,08611,"","","",Dunn Middle,""
Stokes Avenue,08638,"","","",Columbus Elementary,""
Stokes Avenue,08638,"","","",Rivera Middle,""
Strawberry Street,08638,"","","",Wilson Elementary,""
Strawberry Street,08638,"","","",Rivera Middle,""
Stuyvesant Avenue,08618,"",801,1528,Jefferson Elementary,last even 1524/last odd 1529
Stuyvesant Avenue,08618,"",1,1528,Kilmer Middle School,Last even 1524/Last odd 1529
Sullivan Way,08618,"","","",Jefferson Elementary,""
Sullivan Way,08618,"","","",Kilmer Middle School,""
Summer Street,08618,"","","",Gregory Elem (Monument),""
Summer Street,08618,"","","",Rivera Middle,""
Swan Street,08611,"","","",Washington Elementary,""
Swan Street,08611,"","","",Dunn Middle,""
Sweets Avenue,08618,"","","",King Elementary,""
Sweets Avenue,08618,"","","",Rivera Middle,""
Sylvester Street,08638,"","","",King Elementary,""
Sylvester Street,08638,"","","",Rivera Middle,""
Taylor Street,08638,"","","",Wilson Elementary,""
Taylor Street,08638,"","","",Rivera Middle,""
Temple Street,08611,"","","",Mott Elementary,""
Temple Street,08611,"","","",Dunn Middle,""
Third Street,08611,"","","",Mott Elementary,""
Third Street,08611,"","","",Dunn Middle,""
Thompson Avenue,08609,"","","",Robbins Elementary,""
Thompson Avenue,08609,"","","",Hg-Wms. Middle,""
Tilton Alley,08611,"","","",Mott Elementary,""
Tilton Alley,08611,"","","",Dunn Middle,""
Tioga Street,08609,"","","",Robeson Elementary,""
Tioga Street,08609,"","","",Hg-Wms. Middle,""
Titus Avenue,08618,"","","",King Elementary,""
Titus Avenue,08618,"","","",Rivera Middle,""
Tremont Street,08611,"","","",Columbus Elem (Harrison),""
Tremont Street,08611,"","","",Dunn Middle,""
Trent Avenue,08618,"",1,155,King Elementary,""
Trent Avenue,08618,"",1,155,Rivera Middle,Last even 152/Last odd 155
Trenton Avenue - East,08638,"","","",Wilson Elementary,""
Trenton Avenue - East,08638,"","","",Rivera Middle,""
Tucker Street,08618,"","","",King Elementary,""
Tucker Street,08618,"","","",Rivera Middle,""
Turpin Street,08618,"","","",Mott Elementary,""
Turpin Street,08611,"","","",Dunn Middle,""
Tyler Street,08609,"","","",Robbins Elementary,""
Tyler Street,08609,"","","",Hg-Wms. Middle,""
Tyrell Avenue,08638,"","","",Grant Elementary,""
Tyrell Avenue,08638,"","","",Rivera Middle,""
Union Street,08611,"","","",Parker Elementary,""
Union Street,08611,"","","",Dunn Middle,""
Vine Street,08638,"","","",King Elementary,""
Vine Street,08638,"","","",Rivera Middle,""
Violet Street,08618,"","","",King Elementary,""
Violet Street,08618,"","","",Rivera Middle,""
Virginia Avenue,08611,"",1,199,Columbus Elem (Harrison),""
Virginia Avenue,08611,"","","",Dunn Middle,""
Vroom Street,08610,"","","",Franklin Elementary,""
Vroom Street,08610,"","","",Dunn Middle,""
Wainwright Avenue,08618,"","","",King Elementary,""
Wainwright Avenue,08618,"","","",Rivera Middle,""
Walkett Alley,08611,"","","",Robbins Elementary,Part of the Washington area that
Walklett Alley,08611,"","","",Dunn Middle,needs to be looked at
Wall Street,08609,"","","",Grant Elementary,""
Wall Street,08609,"","","",Rivera Middle,""
Walnut Avenue,08609,"",1,99,Robbins Elementary,""
Walnut Avenue,08609,"",100,Line,Hill Elementary,""
Walnut Avenue,08609,"","","",Hg-Wms. Middle,""
Walter Avenue North,08629,"","","",Hill Elementary,""
Walter Avenue North,08609,"","","",Hg-Wms. Middle,""
Walter Avenue South,08629,"",1,148,Hill Elementary,""
Walter Avenue South,08629,"",225,End,Robeson Elementary,""
Walter Avenue South,08629,"","","",Hg-Wms. Middle,""
Ward Avenue,08609,"","","",Hill Elementary,""
Ward Avenue,08609,"","","",Hg-Wms. Middle,""
Warren Street North,08618,"","","",King Elementary,""
Warren Street North,08618,"","","",Rivera Middle,""
Warren Street South,08611,"","","",Parker Elementary,""
Warren Street-South,08611,"","","",Dunn Middle,""
Washington Street,08611,"",1,80,Robbins Elementary,""
Washington Street,08611,"",81,630,Washington Elementary,""
Washington Street,08611,"",631,End,Franklin Elementary,""
Washington Street,08611,"",1,80,Hg-Wms. Middle,""
Washington Street,08611,"",81,End,Dunn Middle,""
Watson Street,08611,"","","",Columbus Elem (Harrison),""
Watson Street,08611,"","","",Dunn Middle,""
Wayne Avenue,08618,"","","",King Elementary,""
Wayne Avenue,08618,"","","",Rivera Middle,""
Webster Street,08638,"","","",Wilson Elementary,""
Webster Street,08638,"","","",Rivera Middle,""
Weinberg Place,08638,"","","",Columbus Elementary,""
Weinberg Place,08638,"","","",Rivera Middle,""
West End Avenue,08618,"","","",Gregory Elementary,""
West End Avenue,08618,"","","",Kilmer Middle School,""
West Street,08611,"","","",Franklin Elementary,""
West Street,08611,"","","",Dunn Middle,""
Westfield Avenue North,08618,"","","",Jefferson Elementary,""
Westfield Avenue North,08618,"","","",Kilmer Middle School,""
Westfield Avenue South,08618,"","","",Jefferson Elementary,""
Westfield Avenue South,08618,"","","",Kilmer Middle School,""
Westminister Avenue,08618,"","","",Jefferson Elementary,""
Westminister Avenue,08618,"","","",Kilmer Middle School,""
White Street,08618,"","","",Gregory Elem (Monument),""
Whittaker Avenue,08611,"",1,299,Robbins Elementary,""
Whittaker Avenue,08611,"",300,End,Washington Elementary,""
Whittaker Avenue,08611,"",1,299,Hg-Wms. Middle,""
Whittaker Avenue,08611,"",300,End,Dunn Middle,""
Whittier Avenue,08618,"","","",Jefferson Elementary,""
Whittier Avenue,08618,"","","",Kilmer Middle School,""
Whittlesey Road,08618,"","","",Jefferson Elementary,""
Whittlesey Road,08618,"","","",Kilmer Middle School,""
Wiley Avenue,08638,"",1,168,King Elementary,""
Wiley Avenue,08638,"",1,168,Rivera Middle,""
Wilkinson Place,08618,"","","",Gregory Elem (Monument),""
Wilkinson Place,08618,"","","",Rivera Middle,""
William Street,08610,"",1,743,Franklin Elementary,Last even 726/Last odd 743
William Street,08610,"",1,743,Dunn Middle,Last even 726/Last odd 743
Willow Street North,08618,"",1,418,Gregory Elem (Monument),""
Willow Street North,08618,"","","",Rivera Middle,""
Willow Street South,08608,"","","",Parker Elementary,""
Willow Street South,08608,"","","",Rivera Middle,""
Wilson Street,08618,"","","",Gregory Elem (Monument),""
Wilson Street,08618,"","","",Rivera Middle,""
Winder Avenue,08609,"","","",Hill Elementary,""
Winder Avenue,08609,"","","",Hg-Wms. Middle,""
Winter Street,08618,"","","",Gregory Elem (Monument),""
Winter Street,08618,"","","",Rivera Middle,""
Winthrop Court,08618,"","","",Gregory Elem (Monument),""
Winthrop Court,08618,"","","",Rivera Middle,""
Wolverton Street,08611,"","","",Columbus Elem (Harrison),""
Wolverton Street,08611,"","","",Dunn Middle,""
Wood Street,08618,"","","",Grant Elementary,""
Wood Street,08618,"","","",Rivera Middle,""
Woodland Street,08611,"",1,99,Columbus Elem (Harrison),5th graders to Franklin
Woodland Street,08611,"",100,727,Franklin Elementary,""
Woodland Street,08611,"",1,727,Dunn Middle,last even 520/last odd 727
Woodside Avenue,08618,"","","",Jefferson Elementary,""
Woodside Avenue,08618,"","","",Kilmer Middle School,""
Yard Avenue,08609,"","","",Grant Elementary,""
